,ticker,date,neg_text,uncert_text,pos_text,an_count,an_buy,an_hold,an_sell,an_rating,delta_0_p,delta_1_p,delta_1_0,delta_3_np,delta_7_np,delta_3_n0,delta_7_n0,an_d_p,an_d_0,period
0,amzn,2009-04-17,against break challenge challenges closure convict conviction cut difficult easing fail failure failures force forced forcing ill late lie loss losses miss outmoded sacrifice sacrifices serious sever slow slower sue urgency,appear believe could differ may might pending possible probability risk risks variable,able achieving advantage advantages benefit best better despite easy effective efficient enabling encouragement enhance enhanced excited exclusive exclusively gain gaining gains good great greater greatly improve improvement improves improving incredible incredibly invent invention inventive inventor leadership opportunities opportunity optimistic popular profitability progress receptive reward rewarding satisfy stable strength strengthen strengthened strengthening strong stronger success successes valuable versatile win,32.0,9.0,20.0,3.0,3.406,1,1,0,0,0,1,0,1,1,6.0
1,amzn,2009-04-23,break cancel cancellation cancellations claims closure closures conciliation decline defer deficit difficult erred fraud ill interrupt interruption interruptions lack late lie limitation limitations loss lying miss poses quit sue sued taint unfavorable unpredictable,anticipate approximate approximately assume assumes believe contingencies could depend dependent differ fluctuation fluctuations intangible may might pending possible predict risk risks uncertain uncertainties unpredictable variable,able alliance benefit easily effective enable enables encourages enjoy excited favorable gain invent inventor opportunities opportunity optimistic popular satisfy strong win,33.0,11.0,19.0,3.0,3.515,1,1,1,1,1,1,1,1,1,50.0
2,amzn,2009-06-12,break claims closure counterclaim counterclaims dismiss dismissal fraud ill interrupt interruption late miss taint unanticipated,anticipate anticipated could differ fluctuation fluctuations may risk risks uncertain uncertainties,invent inventor satisfy win,32.0,11.0,21.0,0.0,3.688,0,0,0,1,1,1,1,1,1,40.0
3,amzn,2009-07-22,annoy annoying break claims closing closure critical criticize criticized cut deter difficult difficulty disrupt disruptive error errors fail failure force fraud ill inability interrupt interruption late lie lose losing loss lying miss mistake mistakes misunderstood negative oppose opposed plea pleas problem question questions sever strain strained sue sued taint tolerate weak wrong,anticipate anticipates anticipating approximate approximately assume assumption assumptions believe believes could depend dependent differ fluctuation fluctuations may maybe might pending perhaps possibilities possibility possible probably risk risks sudden uncertain uncertainties unknown,able accomplish accomplished advantage benefit best better easy efficiencies efficiency enable enables excited excitement exciting exclusive favorite friendly gain good great greatly happiness happy highest incredible innovation invent inventing invention inventions inventive inventor leading opportunities opportunity pleased positive profitable progress satisfy strength strengths strong stronger success successful successfully win,33.0,13.0,20.0,0.0,3.758,0,1,1,1,1,1,1,1,1,1.0
4,amzn,2009-07-23,break cancel cancellation cancellations claims closure closures conciliation decline defer deficit difficult erred fraud ill interrupt interruption interruptions late lie limitation limitations loss lying miss plea pleas pled quit sue sued taint unfavorable unpredictable,anticipate approximate approximately assume assumes believe contingencies could depend dependent differ fluctuation fluctuations intangible may might pending possible predict risk risks uncertain uncertainties unpredictable variable,able alliance benefit best easier enable encourages favorable gain invent inventor opportunities pleased satisfy strong win,33.0,13.0,20.0,0.0,3.758,1,0,0,1,1,1,0,1,0,1.0
5,amzn,2009-07-24,accident accidental adverse adversely against allege alleged allegedly alleging argument bankrupt bankruptcy breach breached breaches breaching break burden cancel canceled cancellation cancellations cancelled cease ceased challenge claiming claims closed closing closure closures complain complaint complaints concern conciliation conflict conflicts contested contesting contrary controversies convict convicted corrupt counterclaim criminal cut damage damaged damages danger dangerous deceptive decline default defect defective defects defend defending defer deficiencies delay delaying delays destroy destroyed deter difficult difficulty diminution disagree disagreement disagreements disaster disciplinary disclose disclosed discloses discontinuance dispose disproportion disproportionate dispute disputes disqualified disrupt disruption disruptive dissent dissenting dissolution divest divestiture doubt drag easing encumbrance encumbrances enjoin enjoining enjoins erred erring excessive exploit fail failed fails failure false fault fined fines force forced forego forfeit forfeited forfeiture fraud fraudulent grievance grievances harm hazard hazardous ill illegal illegality impair impairment improper improperly inability inaccuracies inaccuracy inaccurate incapable incapacity incident inconsistent inconvenient infringe infringed infringement infringements infringing injunction injunctions inquiry insolvency insufficient intentional interfere interfering interrupt interruption invalid invalidate invalidity investigating investigation irreparable knowingly lack lacks lapse late lie limitation limitations liquidate liquidation litigation lose loses losing loss losses lost lying manipulation misappropriate misappropriated misappropriating misappropriation misappropriations misconduct mislead misleading misrepresent misrepresentation miss misstate misstatement misuse noncompliance nondisclosure obsolete omission omissions omit omits overage overturn overturned penalties penalty plaintiff plea plead pleaded pled poses posing preclude precludes prejudice prejudiced preventing prevention prosecute protest purport purported purports quit redact redacted redaction redactions refusal refuse refused relinquish relinquished relinquishes renegotiation reparation resign resignation restate restated restructuring revoke revoked secrecy sever slow slowdown solvency standstill stolen stoppage strain strained straining strains subjected subjecting sue sued sues suffer suffered suing suspend suspending taint terminate terminated termination threat threaten threatened unable unauthorized understate understatement undocumented unemployment unfair unfunded unlawful unpaid unreasonably unremedied unsatisfied untruth violate violated violates violating violation violations weak weakness weaknesses wrong wrongdoing,ambiguities anticipate anticipated anticipates apparent approximate approximately assume assumed assumes assuming assumption assumptions believe believes conditional conditionally contingent could depend dependent differ doubt fluctuation fluctuations indefinite indefinitely intangible intangibles may might nonassessable pending possible preliminary risk risks tending uncertain uncertainties undocumented unknown unwritten,able accomplish advances alliance beneficial beneficially benefit benefiting best conclusive conclusively confident desirable effective efficiencies enable exclusive exclusively exclusivity favorable favored gain gaining gains good great greater honor honoring improve improvement improvements integrity invent invention inventions inventor leading meritorious opportunity perfect resolve satisfaction satisfactory satisfied satisfy success successful successfully valuable win,33.0,12.0,21.0,0.0,3.697,0,0,0,1,1,1,1,1,1,90.0
6,amzn,2009-10-22,break bridge cancel cancellation cancellations claims closure closures conciliation defer deficit difficult erred fraud ill interrupt interruption interruptions late lie limitation limitations lose loses loss lying miss pled quit sue sued taint unfavorable unpredictable,anticipate approximate approximately assume assumes believe contingencies could differ fluctuation fluctuations intangible intangibles may might pending possible predict risk risks uncertain uncertainties unpredictable variable,able advantage alliance benefit best easy enable enabling encourages enhance favorable friendly gain gains invent inventor leading opportunities satisfy strong win,35.0,15.0,18.0,2.0,3.714,1,1,1,0,0,0,0,1,1,11.0
7,amzn,2009-11-02,break claims closure fraud ill inability interrupt interruption late miss plea pleas taint,could depend dependent differ fluctuation fluctuations may might possible risk risks uncertain uncertainties unknown,able benefit best enable highest innovation invent inventor satisfy success successful successfully win,35.0,22.0,11.0,2.0,4.114,1,0,0,1,0,1,0,0,1,87.0
8,amzn,2010-01-28,break cancel cancellation cancellations claims closure closures conciliation defer deficit difficult erred forego fraud ill interrupt interruption interruptions lack late lie limitation limitations loss lying miss opportunistic opportunistically quit sue sued taint unfavorable unpredictable,approximate approximately assume assumes believe believes contingencies could differ fluctuation fluctuations intangible may might pending possible predict risk risks uncertain uncertainties unpredictable,able alliance benefit best easy efficient efficiently enable enabling enhance exciting favorable gain invent inventor opportunities satisfy win,36.0,23.0,11.0,2.0,4.138999999999999,1,1,0,1,1,1,1,0,0,47.0
9,amzn,2010-03-16,break,,satisfy win,36.0,25.0,10.0,1.0,4.306,1,1,0,1,1,1,1,0,0,29.0
10,amzn,2010-04-14,against break challenge challenges closure convict conviction cut easing fail failure failures force forced forcing ill late lie loss losses miss sacrifice sacrifices serious seriously sever sue urgency,appear believe could differ may possible probability risk risks,able achieve achieved achieving advantage advantages assure benefit best better despite easy effective enabling encouragement enhance enhanced excited gain gaining gains good great greater greatly improve improvement improvements improving incredible incredibly innovation invent invention leadership opportunities opportunity optimistic profitability progress receptive satisfy strength strengthen strengthened strong stronger success successes valuable versatile win,37.0,25.0,10.0,2.0,4.216,1,1,1,1,1,1,1,0,0,8.0
11,amzn,2010-04-22,break cancel cancellation cancellations claims closure closures conciliation difficult erred fraud ill interrupt interruption interruptions late lie limitation limitations loss lying miss quit sue sued taint unpredictable,approximate approximately assume assumes believe contingencies could differ fluctuation fluctuations intangible may might pending possible predict risk risks uncertain uncertainties unpredictable,able advantage alliance benefit best easy effective efficient efficiently enable favorable gain gains improve invent inventor opportunities satisfy win,37.0,25.0,10.0,2.0,4.216,1,0,0,0,0,0,0,0,0,36.0
12,amzn,2010-05-28,break closure closures cut ill miss,depend dependent,gain gains satisfy success win,37.0,25.0,10.0,2.0,4.216,0,0,0,0,0,0,1,0,0,55.0
13,amzn,2010-07-22,break cancel cancellation cancellations claims closure closures conciliation critical decline deficit difficult erred fraud ill interrupt interruption interruptions lack late lie limitation limitations loss lying miss negative negatively quit sue sued taint unfavorable unpredictable,approximate approximately assume assumes believe contingencies could differ fluctuation fluctuations intangible may might pending possible predict risk risks tending uncertain uncertainties unpredictable,able advantage alliance benefit best easy efficient efficiently enable enables encouraged excited favorable gain gains great invent inventor leading opportunities popular satisfy win,35.0,22.0,11.0,2.0,4.143,1,1,0,1,1,1,1,1,1,91.0
14,amzn,2010-10-21,argue argued argument break cancel cancellation cancellations claims closure closures conciliation decline deficit difficult erred fraud ill interrupt interruption interruptions lack late lie limitation limitations loss lying miss negative negatively quit sue sued taint unfavorable unpredictable,approximate approximately assume assumes believe contingencies could differ fluctuation fluctuations intangible may might pending possible predict risk risks uncertain uncertainties unpredictable,able advantage alliance beautiful beautifully benefit best better efficient efficiently enable enabling exclusive exclusively favorable gain gains highest improve invent inventor opportunities perfect popular satisfy win,34.0,19.0,14.0,1.0,4.059,1,1,1,1,1,1,1,1,1,18.0
15,amzn,2010-11-08,break claims closing closure cut force fraud ill interrupt interruption late lose losing miss plea pleas taint unexpected unexpectedly,approximate approximately assume assumption could depend dependent differ fluctuation fluctuations may might possible risk risks uncertain uncertainties unexpected unexpectedly,able best better easier efficiency enable excited great innovation invent inventor leadership pleasant prestige satisfy win,34.0,20.0,13.0,1.0,4.118,1,0,0,1,1,1,1,1,1,39.0
16,amzn,2010-12-17,break,assuming,able satisfy win,33.0,19.0,13.0,1.0,4.091,0,1,1,0,0,0,1,0,1,41.0
17,amzn,2011-01-27,break cancel cancellation cancellations claims closure closures conciliation decline deter difficult erred force fraud ill interrupt interruption interruptions lack late lie limitation limitations loss lying miss negative negatively quit sue sued taint unfavorable unpredictable worry,approximate approximately assume assumes believe contingencies could differ fluctuation fluctuations intangible may might pending possible predict predicted risk risks uncertain uncertainties unpredictable,able achieve achieved alliance benefit best easily easy efficient efficiently enable favorable gain gains invent inventor opportunities popular satisfy surpass win,36.0,24.0,11.0,1.0,4.2780000000000005,1,0,0,0,0,0,0,0,0,56.0
18,amzn,2011-03-24,break closure lose,,able satisfy win,33.0,21.0,11.0,1.0,4.212,1,1,0,1,1,1,0,0,0,33.0
19,amzn,2011-04-26,break cancel cancellation cancellations claims closure closures conciliation decline difficult erred fraud ill interrupt interruption interruptions late lie limitation limitations loss lying miss quit sue sued taint unpredictable,approximate approximately assume assumes believe contingencies could differ fluctuation fluctuations intangible may might pending possible predict risk risks uncertain uncertainties unpredictable,able alliance benefit best easily easy efficient efficiently enable enables excited favorable gain gains innovative invent inventing inventor opportunities popular satisfy surpass win,31.0,21.0,9.0,1.0,4.29,0,1,1,0,0,1,0,0,0,1.0
20,amzn,2011-04-27,against break challenge challenges closure conflict convict conviction cut easing fail failure failures fined force forced forcing fraud harsh harshest ill late lie loss losses miss persist persistence problem problems sacrifice sacrifices serious sever sue sued urgency,almost appear believe could differ may might possible predict probabilistic probability random risk risks unusual,able achieve achieving advances advantage advantages benefit best better desired despite easy effective enabling encouragement enhance enhanced excited exclusive exclusively gain gaining gains good great greater greatly happily improve improving incredible incredibly innovation invent invented inventor leadership opportunities opportunity optimistic perfect perfectly profitability progress receptive satisfy strength strengthen strengthened strong stronger success successes successful successfully valuable versatile win,31.0,21.0,9.0,1.0,4.29,1,1,0,0,0,0,0,0,0,44.0
21,amzn,2011-06-10,break closed concern cut disclose disclosed ill lose miss,depend dependent,gain gains satisfy success win,31.0,19.0,11.0,1.0,4.1610000000000005,0,0,0,1,1,1,1,1,1,46.0
22,amzn,2011-07-26,break cancel cancellation cancellations claims closure closures conciliation decline difficult erred fraud ill interrupt interruption interruptions late lie limitation limitations loss losses lying miss quit sue sued taint unpredictable,approximate approximately assume assumes believe contingencies could differ fluctuation fluctuations intangible may might pending possible predict risk risks uncertain uncertainties unpredictable,able alliance benefit best easily efficient efficiently enable enhance enhancement enhancements favorable gain gains innovation invent inventor opportunities positive positively satisfy win,35.0,22.0,12.0,1.0,4.143,1,1,1,0,1,0,1,0,0,44.0
23,amzn,2011-09-08,break,assuming,satisfy win,33.0,20.0,12.0,1.0,4.091,0,0,0,1,0,1,0,0,0,47.0
24,amzn,2011-10-25,break cancel cancellation cancellations claims closure closures conciliation decline difficult easing erred fraud ill interrupt interruption interruptions late lie limitation limitations loss lying miss quit sue sued taint unpredictable,approximate approximately assume assumes believe contingencies could differ fluctuation fluctuations intangible may might pending possible predict risk risks uncertain uncertainties unpredictable,able alliance benefit best easier easily easy effective efficient efficiently enable favorable gain gains incredible invent inventor opportunities popular satisfy unparalleled vibrant win,33.0,21.0,11.0,1.0,4.152,0,0,0,0,0,0,0,0,0,98.0
25,amzn,2012-01-31,break cancel cancellation cancellations claims closure closures conciliation decline degradation difficult downtime erred fraud ill interrupt interruption interruptions late lie limitation limitations loss lying miss pled quit sue sued taint unpredictable,approximate approximately assume assumes believe contingencies could depend dependent differ fluctuation fluctuations intangible may might nearly pending possible predict risk risks uncertain uncertainties unpredictable,able advantage alliance benefit best easier easily easy efficient efficiently enable favorable gain gains invent inventor opportunities popular satisfy tremendous unparalleled vibrant win,40.0,25.0,14.0,1.0,4.15,1,0,0,0,0,0,1,0,0,10.0
26,amzn,2012-02-10,break,assuming,able satisfy win,39.0,24.0,14.0,1.0,4.128,1,1,1,1,1,1,1,0,0,39.0
27,amzn,2012-03-20,break claims closing closure fraud ill interrupt interruption late lose losing miss plea pleas taint,approximate approximately assumption could differ fluctuation fluctuations may might possible risk risks uncertain uncertainties,able benefit delight delighted easier easy enable improve innovative innovator invent invention inventor leading satisfy unparalleled valuable vibrant win,39.0,23.0,15.0,1.0,4.077,1,1,0,0,0,0,0,0,0,24.0
28,amzn,2012-04-13,against break challenge challenges closure critical cut delay downturn easing fail failure failures force forced forcing harm harming ill impossible impractical investigate late lie lose loss losses miss quit recession reject rejected sacrifice sacrifices seize serious sever severe severely slow sue urgency worry worrying,appear approximate approximately believe could depend dependent differ improbable may might nearly perhaps possible probability probable risk risks sometime sometimes somewhat variable,able accomplish achieving advantage advantages assure benefit best better creativity despite dream easier easily easy effective empower enabling encouragement enhance enhanced enjoy enjoying excited friendly gain gaining gains good great greater greatly happily improve improving incredible incredibly innovation innovations innovative inspiration inspirational invent invention inventions inventor leadership opportunities opportunity optimistic profitability progress receptive reward rewards satisfy strength strengthen strengthened strong stronger success successes successful valuable versatile win,40.0,22.0,17.0,1.0,4.0,0,0,0,1,1,1,1,0,0,13.0
29,amzn,2012-04-26,break cancel cancellation cancellations claims closure closures conciliation decline difficult erred fraud ill interrupt interruption interruptions late lie limitation limitations lose loss lying miss quit sue sued taint unfavorable unpredictable,approximate approximately assume assumes believe contingencies could differ fluctuation fluctuations hidden intangible may might pending possible predict risk risks uncertain uncertainties unpredictable unusual,able alliance assure benefit best easier easily easy efficient efficiently enable enjoy excited exclusive favorable gain gains invent inventor opportunities popular satisfy unparalleled vibrant win,40.0,24.0,15.0,1.0,4.1,1,1,1,1,1,0,1,1,1,5.0
30,amzn,2012-05-01,break closure,,satisfy win,41.0,27.0,13.0,1.0,4.22,0,0,1,0,0,0,0,0,0,24.0
31,amzn,2012-05-25,break closure closures cut ill miss,depend dependent,gain gains satisfy success win,42.0,30.0,11.0,1.0,4.333,0,0,1,1,1,1,1,0,0,62.0
32,amzn,2012-07-26,break cancel cancellation cancellations claims closure closures conciliation decline difficult erred fraud ill interrupt interruption interruptions late lie limitation limitations lose loss lying miss quit sue sued taint unfavorable unpredictable,approximate approximately assume assumes believe contingencies could differ fluctuation fluctuations intangible may might pending possible predict risk risks uncertain uncertainties unpredictable,able achieve achievement achievements alliance benefit best better easier easily easy efficient efficiently enable exclusive favorable gain gains improve invent inventor leading opportunities proactive satisfy success successful successfully unparalleled vibrant win,43.0,30.0,12.0,1.0,4.302,1,1,1,1,1,1,1,0,0,71.0
33,amzn,2012-10-05,break closing forfeit forfeited ill lose losing,approximate approximately,able satisfaction satisfy win,46.0,32.0,13.0,1.0,4.303999999999999,0,0,1,0,0,0,0,0,0,20.0
34,amzn,2012-10-25,break breaking cancel cancellation cancellations claims closure closures conciliation costly decline difficult disaster erred fraud ill impair impairment interrupt interruption interruptions late lie limitation limitations loss losses lying miss quit sever sue sued taint unfavorable unpredictable,approximate approximately assume assumes believe contingencies could differ fluctuation fluctuations intangible may might pending possible predict risk risks uncertain uncertainties unpredictable,able alliance benefit best collaboration easily easy efficient efficiently enable enjoy exclusive exclusively favorable favorite gain gains good improve improved invent inventor opportunities satisfy win,45.0,31.0,13.0,1.0,4.289,0,1,1,1,1,1,1,0,0,35.0
35,amzn,2012-11-29,absence acquiesce adverse adversely against allege alleged annul arrears bad bankrupt bankruptcy breach break calamity cancel canceled cancellation cease ceases claims closed closing conciliation conflict conflicting conflicts contrary crisis culpability cut damage damages decline default defaulted defaulting defaults defect defend defending defer delay delist delisting destroy destroyed destruction deter discontinue discontinued dispose disregard disregarded disrupt disruption doubt downgrading easing embargo encumbrance encumbrances enjoin enjoining erred error exculpation expose fail failed fails failure fault faulted faults fined force forced forego fraud fraudulent grossly guilty harm hinder ill illegal impair impaired impede impracticable inability inadvisable inappropriate incapable incident inconsistency inconsistent inconvenient ineligible insolvency insolvent insufficient interrupt interruption invalid investigate investigating investigation involuntary lapse late laundering lie limitation limitations liquidation liquidator litigant lose losing loss losses lost lying misconduct mislead misleading misrepresent misrepresentation miss misuse moratorium negligence negligent objection omission omissions omit omits omitted overdue plaintiff plea plead pleaded pled poses postpone preclude prosecute prosecuted punitive purport purported purporting quit refusal refuse refused reparation resign resignation resigned resigns revocation revoke revoked sever solvency stolen stoppage stoppages strain straining sue sued suffer suffered suing suspend suspended suspending terminate terminated termination threat threaten threatened unable unauthorized unavailability unavailable unpaid unreasonable unwilling usury violation,ambiguity anticipation appear approximate approximately assume assumed assumes assuming assumption assumptions believe believed believes conditional conditionally contingency could depend dependent differ differing doubt may might ordinarily pending possibility possible preliminary revise risk risks unknown variable variation variations vary,able adequately advances advantage beneficial benefit best conclusive conclusively constructive desirable effective empower empowered enable exclusive exclusively gain gains good great greater highest leading opportunity satisfaction satisfactory satisfied satisfy succeed succeeding success win,44.0,30.0,13.0,1.0,4.295,1,1,1,0,1,0,0,0,0,29.0
36,amzn,2012-12-28,break resign resigning,,effective satisfy win,42.0,29.0,12.0,1.0,4.333,0,1,1,1,1,1,0,1,0,32.0
37,amzn,2013-01-29,break breaking cancel cancellation cancellations claims closure closures conciliation costly cut decline difficult erred fraud ill interrupt interruption interruptions late lie limitation limitations lose loss losses lying miss quit sue sued taint unfavorable unpredictable,approximate approximately assume assumes believe contingencies could differ fluctuation fluctuations intangible may might nearly pending possible predict risk risks uncertain uncertainties unpredictable,able alliance attain attained benefit best easily easy efficient efficiently enable excited exclusive favorable gain gains highest improve improved innovation invent inventor opportunities popular satisfaction satisfy win,41.0,31.0,10.0,0.0,4.512,0,0,1,1,1,1,1,0,0,73.0
38,amzn,2013-04-12,against arrears break challenge challenges closure cut easing fail failure failures force forced forcing ill inconvenience inflicted late lie loss losses miss mistake mistakes pled poor risky sacrifice sacrifices serious sever sue sued unavoidably urgency worry,appear believe could differ may might perhaps possible probability risk risks risky roughly somewhat,able achieving advantage advantages benefit benefitting best better charitable delight delighting delights despite easy effective efficient enabling encouragement enhance enhanced enhancement enhancements excellent excited gain gaining gains good great greater greatly happy impress improve improvement improvements improving incredible incredibly innovation innovative invent invention inventions inventor leadership opportunities opportunity optimistic positive proactive proactively profitability progress receptive satisfy strength strengthen strengthened strong stronger success successes successful valuable versatile win,42.0,29.0,13.0,0.0,4.381,1,0,0,1,0,1,1,0,0,13.0
39,amzn,2013-04-25,arrears break breaking cancel cancellation cancellations claims closure closures conciliation decline deter difficult erred fraud ill interrupt interruption interruptions late lie limitation limitations loss losses lying miss quit sue sued taint unfavorable unpredictable,approximate approximately assume assumes believe contingencies could differ fluctuation fluctuations intangible may might pending possible predict risk risks uncertain uncertainties unpredictable,able alliance benefit best easily efficient efficiently enable enabling exciting exclusive exclusively favorable gain gains improve improved invent inventor leading opportunities popular satisfy win,42.0,29.0,13.0,0.0,4.381,1,0,0,1,1,1,1,0,0,29.0
40,amzn,2013-05-24,break concern cut ill miss,depend dependent,gain gains satisfy success win,42.0,30.0,12.0,0.0,4.428999999999999,0,1,1,1,1,1,1,0,0,62.0
41,amzn,2013-07-25,break breaking cancel cancellation cancellations claims closure closures conciliation decline difficult easing erred fraud ill impair impaired interrupt interruption interruptions late lie limitation limitations loss losses lying miss quit restructuring restructurings sever sue sued taint unfavorable unpredictable,approximate approximately assume assumes believe contingencies could differ fluctuation fluctuations intangible may might nearly pending possible predict risk risks tending uncertain uncertainties uncertainty unpredictable,able achieve alliance benefit better easier easily easy efficient efficiently enable enhance enhanced enhancement enhancements exclusive exclusively exclusives favorable favorite favorites gain gains improve improved invent inventor leading opportunities opportunity popular proficient satisfy surpass surpassed win worthy,45.0,33.0,12.0,0.0,4.444,1,1,1,1,1,1,1,1,1,91.0
42,amzn,2013-10-24,break breaking cancel cancellation cancellations claims closure closures conciliation decline deter difficult downtime erred fraud ill impair impairment interrupt interruption interruptions late lie limitation limitations loss losses lying miss quit restructuring restructurings sue sued taint unfavorable unpredictable,approximate approximately assume assumes believe contingencies could differ fluctuation fluctuations intangible may might pending possible predict risk risks uncertain uncertainties uncertainty unpredictable,able alliance benefit best better breakthrough easier easily easy efficient efficiently empower enable enhance enhanced enhancement enhancements exceptional exclusive exclusively favorable gain gains good impress improve improved innovative invent inventor leading opportunities positive satisfy success successful win,45.0,34.0,11.0,0.0,4.489,1,1,1,1,1,1,1,1,1,98.0
43,amzn,2014-01-30,break cancel cancellation cancellations claims closure closures collapse conciliation decline difficult erred fraud ill interrupt interruption interruptions lapse late lie limitation limitations loss losses lying miss quit restructuring restructurings sue sued taint unfavorable unpredictable,approximate approximately assume assumes believe contingencies could differ fluctuation fluctuations hidden intangible may might nearly pending possible predict risk risks uncertain uncertainties uncertainty unpredictable,able alliance benefit best breakthrough charitable easily easy efficient efficiently enable enjoy exclusive exclusively favorable favorite gain gains good improve improved invent inventor leading opportunities popular premier premiere satisfy win,46.0,36.0,10.0,0.0,4.543,1,0,0,0,0,0,0,0,0,70.0
44,amzn,2014-04-10,accuse accuses against annoy annoyance annoying barrier barriers break challenge challenges challenging closure cut defect defects difficult easing fail failing failure failures force forced forcing ill injury lack late lie lose losing loss losses miss omit omitted plea pleas question questions quit sacrifice sacrifices serious sever slow sue tense threat threaten threatened urgency,almost appear believe could depend dependence differ may might nearly perhaps possible predict predicts probability risk risks roughly somewhere suggest unknown unproven unusual,able accomplish accomplished achieving advantage advantages assure beautiful benefit benefiting best better boom booming brilliant charitable delight despite dream easily easy effective efficient empower empowered enable enabled enabling encouraged encouragement enhance enhanced enhancement enjoy enjoying exceptional excited exciting exclusive exclusives favorite gain gaining gains good great greater greatly happy ideal impress impressed impressive improve improvement improvements improving incredible incredibly innovation innovations innovative invent invented inventing invention inventions inventive leadership leading opportunities opportunity optimistic perfect pleasure profitability progress receptive revolutionize revolutionizes satisfy strength strengthen strengthened strong stronger success successes surpass surpassing tremendous valuable versatile vibrant win,47.0,36.0,10.0,1.0,4.468,0,0,0,1,0,1,1,0,0,14.0
45,amzn,2014-04-24,break cancel cancellation cancellations claims closure closures collapse conciliation cut decline difficult erred fraud ill interrupt interruption interruptions lack lapse late lie limitation limitations lose loss losses lying miss pled quit restructuring restructurings sever stringent sue sued taint unpredictable,approximate approximately assume assumes believe contingencies could differ fluctuation fluctuations hidden intangible may might nearly pending possible predict predicts risk risks uncertain uncertainties uncertainty unpredictable,able alliance benefit best breakthrough collaboration delight delighted easier easily easy efficient efficiently enable exclusive exclusively favorable gain gains good great improve improved innovative invent inventing inventor opportunities popular revolutionize revolutionized satisfy win,47.0,37.0,9.0,1.0,4.511,1,0,0,1,0,1,1,0,0,29.0
46,amzn,2014-05-23,break closed concern cut disclose disclosed ill lose miss,depend dependent,gain gains satisfy success win,48.0,38.0,9.0,1.0,4.521,1,1,0,1,1,1,1,0,0,62.0
47,amzn,2014-07-24,break cancel cancellation cancellations claims closure closures collapse conciliation decline difficult erred fraud ill interrupt interruption interruptions lapse late lie limitation limitations lose loss losses lying miss overage pled quit restructuring restructurings sever sue sued taint unpredictable,approximate approximately assume assumes believe contingencies could depend depending differ fluctuation fluctuations hidden intangible may nearly pending possible predict risk risks uncertain uncertainties uncertainty unpredictable,able alliance benefit best better easier easily easy efficient efficiently enable enabling enhance enhanced enhancement enhancements exclusive exclusively favorable gain gains great ideal improve innovate innovative invent invention inventor opportunities satisfy strong win,48.0,34.0,13.0,1.0,4.354,1,0,0,0,0,0,0,0,0,8.0
48,amzn,2014-08-01,break collapse cut lapse,assuming hidden,able effective satisfy win,48.0,30.0,17.0,1.0,4.188,0,1,1,1,1,1,1,0,0,24.0
49,amzn,2014-08-25,break breaking claims closing closure collapse fraud ill interrupt interruption lapse late lie lose losing miss taint,approximate approximately assumption believe could depend dependent differ fluctuation fluctuations hidden may risk risks uncertain uncertainties,able exclusive exclusively great invent invention inventor leading satisfy win,50.0,30.0,19.0,1.0,4.14,1,1,1,1,1,0,0,0,0,9.0
50,amzn,2014-09-03,break collapse ill lapse lose plea pleas,hidden pending,able benefit benefitted best great invent inventing invention leadership pleasure satisfy succeed win,50.0,30.0,19.0,1.0,4.14,0,1,1,1,1,1,1,0,0,2.0
51,amzn,2014-09-05,absence adverse adversely against allege alleged arrears bad bail bankrupt bankruptcy breach break burden burdens burdensome caution cautionary cease ceases challenging claiming claims closed closing closure closures collapse concern conciliation conflict contested contesting contrary corrupt corruption counterclaim counterclaims critical cut damage damages danger decline declined default defer deficiencies deficiency delay delayed delinquent deter detract disadvantage disadvantageous disapprove disavow disclose disclosed dishonor dismiss dismissed dispose disproportion disproportionate disproportionately dispute disputes disregard disregarded doubt downgrade downgraded encroach encroachment encroachments encumber encumbrance encumbrances endanger endangered enjoin erred erring error exculpatory exonerating expose fail failed failing fails failure fault faults fined force forced forego forfeit forfeiture fraud fraudulent harm ill illegal illegality impair impaired impairment impracticable inability inaccuracy inaccurate inadequacy incapable incident incompetence inconsistent incorrect indefeasible indefeasibly injunction injunctions insolvency interfere interfering invalid invalidate invalidated invalidity investigation lapse lapsed late laundering lie limitation limitations liquidate liquidation liquidator litigation lose losing loss losses lost lying malpractice misconduct miss missed moratorium negligence nondisclosure nonpayment nonperformance objection obsolete omission omit omitted oppose opposed overage overdue penalties penalty plea plead pleading pleadings pled poses posing postpone preclude prejudice protest protests punitive purport quit refusal reject reparation repudiate resign resignation restate restated restructuring revocation revoke revoked revokes sever solvency strain subpoena sue sued suffer suffered suspend suspended suspension terminate terminated termination terminations threat threaten threatened unable unemployment unintended unlawful unpaid unreasonably unreimbursed unsatisfied usurious violate violation violations worse,anticipate anticipated anticipation appear appearing approximate approximately assume assumed assumes assumption believe believed conditional conditionally contingency contingent could depend dependent differ differs doubt fluctuating fluctuation fluctuations hidden intangible may might pending possible precaution precautionary presume presumed revise revised risk risks speculative tending unknown variable vary,able achieve achieved adequately advances advantage advantageous assuring beneficial beneficially benefit benefited better conclusive conclusively confident desired diligent diligently effective empower empowered enable enhance enhanced exclusive exclusively favorable gain gains good great greater highest honor improve improvement improvements improving leading opportunity perfect perfected progress satisfaction satisfactory satisfied satisfy succeed succeeding success win,50.0,29.0,20.0,1.0,4.1,1,0,0,0,1,0,0,0,0,20.0
52,amzn,2014-09-25,break closure collapse lapse,hidden,able satisfy win,50.0,30.0,19.0,1.0,4.14,0,0,1,0,0,0,0,0,0,28.0
53,amzn,2014-10-23,break cancel cancellation cancellations claims closure closures collapse conciliation critical critically decline difficult erred fraud ill interrupt interruption interruptions lack lapse late lie limitation limitations lose loss losses lying miss question questions quit restructuring restructurings strain stress sue sued taint unpredictable worry,approximate approximately assume assumes believe contingencies could depend depending differ fluctuation fluctuations hidden intangible may pending predict risk risks uncertain uncertainties uncertainty unpredictable,able acclaimed advantage alliance benefit best creative easier easily efficient efficiently enable enables excellence exclusive exclusively favorable favorite favorites gain gains great highest improve incredible invent invention inventor leading opportunities perfect popular premier premiere satisfy strong unmatched win winning,49.0,30.0,18.0,1.0,4.163,1,0,0,1,1,1,1,0,0,43.0
54,amzn,2014-12-05,adverse against allege alleged arrears bankrupt bankruptcy breach break calamity cease claims closed closing conflict conflicts contrary crisis culpability cut damage damages default defaulting defaults defend defending delay deter dispose disrupt disruption downgrading easing encumbrance encumbrances erred exculpation fail failed failure fault faults fined force forego fraud fraudulent guilty harm ill impair impracticable inadvisable inappropriate incident inconsistent ineligible insolvency insufficient investigating investigation lapse late lie limitation limitations lose losing loss losses mislead misleading misrepresent misrepresentation miss moratorium omission omissions omit overdue plaintiff plea plead pleaded poses postpone purport purported quit refusal refuse refused reparation sever solvency sue sued suspend suspended suspending terminate terminated termination threat threaten threatened unable unavailability unavailable unpaid usury violation,approximate approximately assume assumed assuming assumption assumptions conditional could depend dependent differ differing may ordinarily pending possible preliminary revise unknown,able benefit best effective enable exclusive gain gains good great greater highest leading opportunity satisfaction satisfactory satisfied satisfy succeed succeeding success win,51.0,30.0,20.0,1.0,4.118,0,0,0,0,1,1,1,0,0,55.0
55,amzn,2015-01-29,break cancel cancellation cancellations claims closure closures collapse conciliation critical critically decline difficult downward easing erred fined firing fraud ill interrupt interruption interruptions lapse late lie limitation limitations lose loss losses lying miss omit quit restructuring restructurings sue sued taint unfavorable unpredictable,almost anticipate anticipated approximate approximately assume assumes believe contingencies could depend dependent differ fluctuation fluctuations hidden intangible may pending possible predict risk risks uncertain uncertainties uncertainty unpredictable,able acclaimed alliance benefit best better confident easier easily easy effective efficient efficiently empower empowers enjoy excellence exclusive exclusively exclusives favorable gain gains good great innovation innovations invent invention inventor opportunities popular premier premiere prestige satisfy strong superior win winning,49.0,30.0,18.0,1.0,4.184,1,1,1,1,1,1,1,1,1,84.0
56,amzn,2015-04-23,break cancel cancellation cancellations claims closure closures collapse conciliation contradict contradictory cut decline difficult erred fined fraud ill interrupt interruption interruptions lag lags lapse late lie limitation limitations loss losses lying miss omit poses preventing problem problematic quit restructuring restructurings sever sue sued taint unfavorable unpredictable,approximate approximately approximates assume assumes believe contingencies could differ fluctuation fluctuations hidden intangible may pending predict prediction predictions predictive risk risks suggest uncertain uncertainties uncertainty unpredictable,able achieve alliance benefit best creative easily easy efficient efficiently enable enables enjoy excellence exclusive exclusively favorable gain gains good improving innovate invent inventing invention inventor opportunities popular progress satisfy success successful win,46.0,28.0,18.0,0.0,4.217,1,1,1,0,0,1,1,0,1,1.0
57,amzn,2015-04-24,against alerting break challenge challenges closing closure critical cut deficiencies deter difficult easing embarrass embarrassing fail failure failures force forced forcing ill incomplete late lie losing loss losses miss overcome plea pleas poses problem problematic risky sacrifice sacrifices serious sever strain strained sue urgency,almost appear appeared appears approximate approximately assuming believe could depend dependent differ may might nearly possible probability risk risks risky sometime sometimes somewhere,able accomplish accomplishment accomplishments achieve achieved achieving advantage advantages assure attractive benefit best better despite dream easier easy effective efficiency enable enabling encouragement enhance enhanced excellence excited exciting gain gaining gains good great greater greatly happily improve improving incredible incredibly innovation innovative invent invention inventor leadership leading opportunities opportunity optimistic pleased positive proficiency proficient profitability progress receptive satisfy strength strengthen strengthened strong stronger success successes valuable versatile win winning,46.0,31.0,15.0,0.0,4.348,1,1,0,1,1,1,1,0,0,49.0
58,amzn,2015-06-12,break collapse concern ill inability lapse miss,depend dependent hidden risk risks,able gain gains satisfy success win,45.0,30.0,15.0,0.0,4.333,0,0,0,1,0,1,0,0,0,0.0
59,amzn,2015-06-12,break closed collapse disclose disclosed lapse lose,assuming hidden,able effective satisfy win,45.0,30.0,15.0,0.0,4.333,0,0,0,1,1,1,1,1,1,41.0
60,amzn,2015-07-23,break breaking cancel cancellation cancellations claims closure closures collapse conciliation decline difficult erred fined force fraud ill interrupt interruption interruptions lack lapse late lie limitation limitations loss losses lying miss omit pled quit restructuring restructurings sue sued taint unfavorable unpredictable worry,approximate approximately approximates assume assumes believe contingencies could differ fluctuation fluctuations hidden intangible may nearly pending predict risk risks uncertain uncertainties uncertainty unpredictable,able alliance beautiful benefit benefited better easily easy efficient efficiently enable enables excellence exclusive favorable friendly gain gains good improve invent invention inventor opportunities positive satisfy win,46.0,34.0,12.0,0.0,4.457,0,1,1,1,1,1,1,1,1,91.0
61,amzn,2015-10-22,break cancel cancellation cancellations claims closure closures collapse conciliation critical critically cut decline difficult erred exploit exploits fail failure fined fraud ill interrupt interruption interruptions lapse late lie limitation limitations loss losses lying miss omit pled quit restructuring restructurings sue sued sues taint unfavorable unpredictable vulnerabilities,anticipate anticipated approximate approximately approximates assume assumes believe contingencies could differ fluctuation fluctuations hidden intangible may nearly pending predict risk risks uncertain uncertainties uncertainty unpredictable,able acclaimed alliance benefit best easier easily easy effective enable enabled excellence exclusive exclusively favorable gain gains incredibly invent invention inventor opportunities popular positive progress satisfy strength win winning,45.0,37.0,8.0,0.0,4.622,1,1,1,0,0,1,1,0,0,98.0
62,amzn,2016-01-28,break cancel cancellation cancellations claims closure closures collapse conciliation critical decline difficult erred fraud ill interrupt interruption interruptions lapse late lie limitation limitations loss losses lying miss omit pled quit restructuring restructurings sue sued taint unfavorable unpredictable,approximate approximately assume assumes believe contingencies could differ fluctuation fluctuations hidden may might nearly pending predict risk risks roughly uncertain uncertainties uncertainty unpredictable,able alliance benefit best easier easily enable enabled enables enhance enhanced excellence exclusive favorable gain gains innovative invent invention inventor leading opportunities satisfy win,46.0,39.0,7.0,0.0,4.652,1,1,0,0,0,0,1,0,0,13.0
63,amzn,2016-02-10,absence break collapse cut forego forfeit forfeiture ill lapse lie opportunistic opportunistically suspend suspending,assume assuming believe believes hidden may pending,able effective enhance satisfy win,46.0,40.0,6.0,0.0,4.6960000000000015,1,1,1,1,1,1,1,0,0,15.0
64,amzn,2016-02-25,absence against allege alleged breach breaches break burden cancel canceled cease ceased ceases challenge challenged challenges claims closed closing closure collapse concern confine confined conflict contrary convict convicted criminal cut damage damages defect defend defending destroy destroyed deter disclose disclosed disclosing disinterested disqualification disqualified disregard disregarded dissent erred fail fails failure fined fines force forego harm ill inability incident ineligibility ineligible interfere invalid lapse late lie limitation lose loses losing loss lost lying mislead misleading miss objecting omission omissions omit omits omitting oppose opposed overcome penalties pled poses posing postpone postponement preclude prejudice prosecuting question recall recalled recalls refuse reject rejected reparation resign resignation resigns sue sued sues suffer suffered termination terminations threat threaten threatened unable unavailability unavailable unpaid violate violation violations,appear appearing appears assume believe believed believes could depend dependence dependent differ hidden may might pending presume presumed presumption risk variation variations,able accomplish accomplished advancement beneficial beneficially benefit best confident desired effective exclusive exclusively exclusivity gain gains good great greater highest leading opportunity resolve satisfactory satisfied satisfies satisfy solves success successful valuable win,46.0,41.0,5.0,0.0,4.739,1,1,1,1,1,1,1,0,0,40.0
65,amzn,2016-04-05,against break breaking challenge challenges closure convict conviction cut deter diminish diminished disadvantage doubt doubted dropped easing fail failed failure failures force forced forcing frustrate frustrated hurt ill inability incidence inconvenient irreversible late lie lose loss losses lost miss missed oppose opposed plea pleas question questions sacrifice sacrifices serious sever slow slowly slowness sue sues suffer uncover uncovering urgency worse wrong,almost appear believe could differ doubt doubted may might nearly pending possible probability risk risks seems tending unusual,able accomplish accomplished accomplishes achieve achieved achieving advantage advantages assure benefit best better brilliant creativity delight despite distinctive dream easier easy effective empower empowered enable enabled enables enabling encouragement enhance enhanced excellence excited exciting exclusive exclusives gain gaining gains good great greater greatest greatly happy improve improving incredible incredibly innovation invent invented inventing invention inventive inventiveness inventor leadership opportunities opportunity optimistic profitability progress receptive satisfy stable strength strengthen strengthened strong stronger success successes surpass surpassed valuable versatile win winner winners worthy,46.0,41.0,5.0,0.0,4.739,0,1,1,1,0,1,0,0,0,23.0
66,amzn,2016-04-28,break cancel cancellation cancellations challenge challenges claims closure closures collapse conciliation cut decline difficult downtime erred fraud ill interrupt interruption interruptions lapse late lie limitation limitations loss losses lying miss omit pled quit restructuring restructurings sever sue sued taint unfavorable unpredictable,approximate approximately assume assumes believe contingencies could differ fluctuation fluctuations hidden may nearly pending predict revise revised risk risks uncertain uncertainties uncertainty unpredictable,able alliance beautiful benefit better despite easier easily enable enabled enhance enhanced excellence exclusive exclusively favorable gain gains good highest improve incredible incredibly invent invention inventor opportunities premier premiere satisfaction satisfy success successful win,46.0,40.0,6.0,0.0,4.6960000000000015,0,1,1,1,1,1,1,0,0,22.0
67,amzn,2016-05-20,break collapse concern cut default downgrade downgraded fault ill inability lapse lie miss poses terminate terminated unpaid,could depend dependent hidden may,able gain gains satisfy success win,45.0,39.0,6.0,0.0,4.689,1,0,0,1,1,1,1,0,0,69.0
68,amzn,2016-07-28,break cancel cancellation cancellations claims closure closures collapse conciliation critical critically cut decline difficult erred force fraud ill impair impaired interrupt interruption interruptions lapse late lie limitation limitations loss losses lying miss omit pled quit restructuring restructurings sever sue sued taint unpredictable,assume assumes believe contingencies could differ fluctuation fluctuations hidden may nearly pending predict risk risks uncertain uncertainties uncertainty unpredictable,able acclaimed achieve achieved alliance benefit best easily easy efficient efficiently enable enables enjoy excellence exclusive exclusively favorable gain gaining gains ideal invent inventing invention inventor opportunities premier premiere satisfy win winning,46.0,40.0,6.0,0.0,4.6960000000000015,1,1,1,1,1,1,1,0,0,42.0
69,amzn,2016-09-08,break collapse cut lapse lie miss,assuming hidden,able effective satisfy win,46.0,40.0,6.0,0.0,4.6960000000000015,0,0,0,1,1,1,1,0,0,49.0
70,amzn,2016-10-27,break bridge cancel cancellation cancellations claims closure closures collapse conciliation cut decline difficult erred fraud ill interrupt interruption interruptions lapse late lie limitation limitations loss losses lying miss omit quit restructuring restructurings sue sued taint unfavorable unpredictable,anticipate anticipated anticipates approximate approximately assume assumes believe contingencies could differ fluctuation fluctuations hidden may pending predict risk risks uncertain uncertainties uncertainty unpredictable,able alliance benefit best better collaborating easier easily enable enables enjoy excellence exclusive exclusively favorable favorite gain gains innovation invent invention inventor opportunities popular premier premiere satisfy win winning,48.0,43.0,5.0,0.0,4.75,0,0,0,1,1,1,1,0,0,98.0
71,amzn,2017-02-02,break cancel cancellation cancellations claims closed closure closures collapse conciliation cut decline difficult erred fraud ill interrupt interruption interruptions lapse late lie limitation limitations lose loss losses lying miss omit quit restructuring restructurings sever sue sued taint unfavorable unpredictable,anticipate anticipates approximate approximately assume assumes believe contingencies could differ fluctuation fluctuations hidden may pending possible predict risk risks uncertain uncertainties uncertainty unpredictable,able advantage alliance benefit better breakthrough easier easily easy enable enabled enjoy enjoyable excellence exclusive exclusively favorable favorite gain gains improve innovation invent invention inventor leading opportunities popular premier premiere satisfy win winner winning,47.0,42.0,5.0,0.0,4.745,1,0,0,1,1,1,1,0,0,43.0
72,amzn,2017-03-17,break collapse cut ill lapse lie miss resign resigned,hidden,able satisfy win,46.0,41.0,5.0,0.0,4.739,0,1,1,1,1,1,1,0,0,26.0
73,amzn,2017-04-12,against bad barrier barriers break challenge challenges challenging closure complicate complicated convict conviction correcting costly cut danger dangerous decline default defend deter disagree disagreement dispute dissatisfied easing escalate escalated fail failure failures fault force forced forcing fraud ill intentional investigate late lie loss losses mislead miss problem question sacrifice sacrifices serious sever slow slower slowly sue sues unintentional unintentionally urgency wrong,appear believe could differ may might possible probability probably risk risks somewhere,able achieving advantage advantages beautiful beautifully benefit best better delight delighting despite easily easy effective enabling encouragement enhance enhanced excited gain gaining gains good great greater greatly happy improve improving incredible incredibly ingenuity invent inventing inventor inventors leadership opportunities opportunity optimistic popular profitability progress receptive resolve satisfied satisfy strength strengthen strengthened strong stronger success successes tremendous valuable versatile win,47.0,43.0,4.0,0.0,4.787,0,0,0,1,1,1,1,0,0,15.0
74,amzn,2017-04-27,against break cancel cancellation cancellations claims closed closure closures collapse conciliation critical cut decline difficult disclose disclosed erred fined fraud frustration ill interrupt interruption interruptions lapse late lie limitation limitations lose loss losses lying miss omit question questions quit restructuring restructurings sever sue sued taint unfavorable unpredictable,anticipate anticipates approximate approximately assume assumes believe contingencies could differ fluctuation fluctuations hidden may pending predict revise revised risk risks uncertain uncertainties uncertainty unpredictable,able achieve alliance assure benefit collaborate collaborated easier easily efficient enable enabled enables excellence exceptional exclusive favorable gain gains good highest invent invention inventor leading opportunities popular satisfaction satisfy win winning,47.0,40.0,7.0,0.0,4.66,1,1,1,1,1,1,1,0,0,28.0
75,amzn,2017-05-25,break closed collapse criminal cut disclose disclosed fined inability lapse lie lose lying miss restate restated,depend dependent hidden revise revised,able gain gains satisfy success win,45.0,39.0,6.0,0.0,4.689,1,1,1,0,0,0,0,0,0,22.0
76,amzn,2017-06-16,absence adverse adversely against allegation allege alleged alleging antitrust bad bankrupt bankruptcy breach breached breaches breaching break breakage bribe bribery bridge burden cancel cancellation cancelled caution cautionary cautioned cease challenging claiming claims closed closing closings closure closures concern condemn condemnation conflict conflicts contested contrary controversy corrupt corruption counterclaim criminal cut damage damages decline default defect defects defend defer deficiencies deficiency delay delayed delinquent delist delisting destroy destroyed destruction deter difficult difficulties diminish disaster disasters disclose disclosed disclosing disfavor disfavoring dispose disproportion disproportionate dispute disputes disqualify disregard disregarded disrupt disruption dissent dissenting dissolution distract divest divestiture divestitures doubt easing encumber encumbrance encumbrances enjoin enjoining enjoins erred error excessive exculpation expropriation fail failed fails failure failures fault fined force forced forego fraud fraudulent grievance harm ill illegal illegality impair impediment impediments impossible improper inaccuracies inaccuracy incident inconsistent inconvenient incorrect infringe infringed infringes injunction injunctions inquiry insolvency insufficient intentional interfere interfering interrupt interruption invalid invalidate invalidated invalidity investigation investigations irregular irregularities irreparable jeopardize knowingly lack lapse lapsed lapsing late laundering lie limitation limitations liquidate liquidated liquidation litigation lose loses losing loss losses lost lying malfunction malfunctioned misappropriate misappropriated misappropriates misconduct mislead misleading miss misuse moratorium negative negligence noncompliance nonpayment objection objections obsolete omission omissions omit omitted oppose opposed overage overdue overturn overturned penalties penalty plea pleas pled poses posing postpone postponed postponement postponements preclude preventing punitive purport purported question questions quit recall redact redacted redaction refusal refuse reparation resign resignation resignations restate restated restructure revocation revoke revoked sever solvency standstill stolen stoppage strain straining sue sued sues suffer suffered suing suspension taint terminate terminated terminating termination terminations threat threaten threatened unable unauthorized unavailability undue unemployment unexpected unfunded unlawful unpaid unreasonable unreasonably unresolved violate violated violates violating violation weak weakness weaknesses worse worsen worsening,ambiguity anticipate anticipated apparent appear appears approximate approximately assume assumed assumes assuming assumption assumptions believe believed believes conditional conditionally contingencies contingent could depend dependent differ doubt fluctuating likelihood may nearly nonassessable pending possible predict prediction predictions predictive preliminary presumption probable revise revised risk risks sometime sometimes tending uncertain uncertainties unexpected variance variances,able achieve achieved achievement achieving advancement advances advancing advantage beneficial beneficially benefit best better collaboration confident delight delighting effective enable enhance enhanced excellence exclusive exclusively exclusivity favorable favored favoring gain gained gaining gains good great greater greatest highest honor improve improvement improvements innovation invent invention inventions inventor leading loyal opportunities opportunity pleased resolve satisfaction satisfactory satisfied satisfy satisfying success successful win,44.0,38.0,6.0,0.0,4.6819999999999995,1,1,1,1,1,1,1,0,0,41.0
77,amzn,2017-07-27,break cancel cancellation cancellations claims closure closures collapse conciliation critical cut decline difficult erred fined fraud ill interrupt interruption interruptions lack lag lapse late lie limitation limitations lose loss losses lying miss omit quit restructuring restructurings sue sued taint unfavorable unpredictable,anticipate anticipates approximate approximately assume assumes believe contingencies could differ fluctuation fluctuations hidden may pending predict revise revised risk risks uncertain uncertainties uncertainty unpredictable,able achieve alliance benefit best collaboration creative easily enhancing excellence exclusive exclusively favorable gain gained gains good highest innovative invent invention inventor leading opportunities premier premiere proactive satisfy win,43.0,37.0,5.0,1.0,4.628,0,0,0,0,0,0,0,0,0,19.0
78,amzn,2017-08-15,break claims cut difficult difficulties disrupt disruption distract fined ill late lie limitation loss lying miss poses sue sued taint unable unexpected unlawful,anticipate anticipated anticipates assume believe believes could differ fluctuation fluctuations may pending revise revised risk risks uncertain uncertainties unexpected,able achieve benefit confident easily excellence great greater invent invention inventor opportunities satisfied satisfy win,45.0,39.0,5.0,1.0,4.644,0,0,0,1,1,1,1,0,0,1.0
79,amzn,2017-08-16,break claims cut difficult difficulties disrupt disruption distract fined ill late lie limitation loss lying miss poses sue sued taint unable unexpected unlawful,anticipate anticipated anticipates assume believe believes could differ fluctuation fluctuations may pending revise revised risk risks uncertain uncertainties unexpected,able achieve benefit confident easily excellence great greater invent invention inventor opportunities satisfied satisfy win,45.0,39.0,5.0,1.0,4.644,0,0,0,0,1,1,1,0,0,6.0
80,amzn,2017-08-22,against allege alleged arrears breach break bridge cancel cancellation cease ceases claims closed closing closure closures conflict conflicts contrary culpability cut damage damages default defaults delay deter discontinue dispose erred evade fail failed failure fault faults fined force forego forfeit forfeiture fraud fraudulent guilty harm ill illegal impair impaired impairment inappropriate incident inconsistent ineligible injuries injury insufficient invalid investigation irreparable late lie limitation limitations lose losing loss losses lying mislead misleading misrepresent misrepresentation miss misstate misstatement objection omission omissions omit overdue plaintiff plea plead pleaded poses prejudice prejudiced question quit reparation sever sue sued suspend suspending suspension suspensions terminate terminated termination threat threaten threatened unavailable unpaid violate violation,assuming assumption assumptions believe believed believes conditional could depend dependent differ differing may pending possible preliminary revise revised,able beneficial benefit best conclusive conclusively confident effective enable exclusive gain gains great greater highest leading opportunity satisfactory satisfy succeed succeeding success win,45.0,39.0,5.0,1.0,4.644,1,1,0,1,0,1,0,0,0,2.0
81,amzn,2017-08-24,break caution cautioned closure cut deter difficult difficulties disrupt disruption distract fined fines ill lie limitation lose loss lying miss plea pleas sever sue sued unable undue unexpected,anticipate anticipated anticipates approximate approximately assume assumes believe believes could differ may possible revise revised risk risks unexpected,able achieve benefit best enable enjoy excellence great greater highest innovate invent invention leading opportunity reward rewards satisfy win,46.0,40.0,5.0,1.0,4.652,0,0,0,0,0,0,0,0,0,4.0
82,amzn,2017-08-28,break cancel canceled closed closure closures concern cut disclose disclosed dissent dissenting fined forego ill late lie limitation limitations lose lying miss poses quit sue sued,approximate approximately differ may revise revised risk,able benefit confident effective great greater satisfy win,46.0,40.0,5.0,1.0,4.652,1,1,1,0,1,0,0,0,0,11.0
83,amzn,2017-09-08,break collapse cut disclose fined lapse lie lose lying miss,hidden revise revised,able satisfy win,47.0,41.0,5.0,1.0,4.66,0,0,1,0,1,0,1,0,0,48.0
84,amzn,2017-10-26,anomalies barrier barriers break cancel cancellation cancellations claims closed closing closure closures collapse conciliation critical cut decline difficult erred fined fraud ill inadvertent interrupt interruption interruptions lapse late lie limitation limitations lose losing loss losses lying miss omit quit reparation restructuring restructurings sue sued sues taint trouble troubles unauthorized unfavorable unpredictable,anomalies anticipate anticipates approximate approximately assume assumes believe contingencies could differ fluctuation fluctuations hidden may pending predict revise revised risk risks uncertain uncertainties uncertainty unpredictable,able acclaimed accomplish accomplished alliance benefit best better easily easy efficiency enable enabled enables enjoy excellence exclusive exclusively favorable favorite gain gains good improve improved invent invention inventor leading opportunities satisfy surpass surpassed win,49.0,43.0,5.0,1.0,4.673,0,1,1,1,1,1,1,0,0,18.0
85,amzn,2017-11-13,break closing closure collapse cut defer deter disclose erred fined ill lapse late lie lose losing lying miss poses purport quit restate restated sue sued termination unfavorable,approximate approximately assume assumed assumption assumptions could depend dependent differ hidden intangible may predict predicting preliminary revise revised,able effective favorable good improve improvement improvements invent inventor satisfy win,49.0,45.0,3.0,1.0,4.755,1,1,1,1,1,1,1,0,0,37.0
86,amzn,2017-12-20,arrears break cease ceased ceases conflict conflicts contrary cut default delay deter doubt erred fail failure fault faults fined force forego ill illegal impair impaired inconsistent inconvenience invalid late lie limitation limitations lose lying miss overdue poses purport sue sued sues unpaid,assume assumes assuming depend dependent doubt may revise revised,able beneficial benefit effective great greater highest satisfaction satisfactory satisfy succeed succeeding success win,51.0,47.0,3.0,1.0,4.765,0,0,0,1,1,1,1,1,1,43.0
87,amzn,2018-02-01,anomalies break cancel cancellation cancellations challenge challenges claims closure closures collapse conciliation critical critically cut decline difficult easing erred fined force fraud ill inappropriate interrupt interruption interruptions lapse late lie limitation limitations loss losses lying malicious miss omit quit restructuring restructurings sever stopped sue sued taint threat unauthorized unfavorable unpredictable,anomalies anticipate anticipated anticipates approximate approximately assume assumes believe contingencies could differ fluctuation fluctuations hidden may nearly pending possible predict revise revised risk risks uncertain uncertainties uncertainty unpredictable,able acclaimed alliance benefit best better boost delight dream easier easily easy empower empowering enable enabled enables enabling excellence favorable gain gains good great ideal improving innovating innovation innovations invent invention inventor opportunities optimistic popular positive satisfaction satisfy strong success successful successfully versatile win winning,52.0,48.0,3.0,1.0,4.769,0,0,1,1,1,1,1,1,1,76.0
88,amzn,2018-04-18,against break challenge challenges closed closure critical crucial cut defect defects difficult displace displaced easing fail failure failures fined force forced forcing ill inability late lie lose loss losses lying miss mistake mistaken mistakenly problem problems question quit quitting sacrifice sacrifices serious sever sue unreasonably urgency wrong,appear believe could depend dependent differ exposure hidden likelihood may might possible probability probably revise revised risk risks varies,able achieve achieving advantage advantages beautiful benefit best better brilliant despite easily easy effective efficiency empower enable enabled enabling encouragement enhance enhanced enhancement enhancements enhancing excellence excited exciting exclusive favorite gain gaining gains good great greater greatly improve improved improvement improving incredible incredibly ingenuity innovation invent inventing leadership opportunities opportunity optimistic perfect popular premier proactive proactively profitability progress receptive reward satisfied satisfy strength strengthen strengthened strong stronger success successes surpass surpassed tremendous valuable versatile win winner winning,51.0,47.0,3.0,1.0,4.765,1,1,1,0,0,1,0,0,0,8.0
89,amzn,2018-04-26,break bridge cancel cancellation cancellations claims closure closures collapse conciliation crime critical cut decline difficult disaster easing erred fined force fraud ill inability interrupt interruption interruptions lapse late lie limitation limitations loss losses lying miss omit question quit restructuring restructurings sever slow slowed sue sued taint unfavorable unpredictable,anticipate anticipates approximate approximately assume assumes believe contingencies could depend dependent differ fluctuation fluctuations hidden may pending predict revise revised risk risks uncertain uncertainties uncertainty unpredictable unusual,able advantage alliance benefit better collaboration desirable easier easily easy effective efficiency enable enabled enables enjoy enjoying excellence exclusive exclusively favorable favorite favorites gain gains good improve improving innovative invent invention inventor opportunities popular premier premiere satisfaction satisfy win,51.0,47.0,3.0,1.0,4.765,1,1,1,0,0,0,0,0,0,1.0
90,amzn,2018-04-27,absence adverse adversely against allege alleged arrears bad bail bankrupt bankruptcy breach break breakage bridge burden burdens burdensome cancel cancellation caution cautionary cease ceases challenging claiming claims closed closing closure closures concern conciliation conflict contested contesting contradict contradicted contrary corrupt corruption counterclaim counterclaims critical cut damage damages danger decline declined default defer deficiencies deficiency delay delayed delinquent deter detract disadvantage disadvantageous disapprove disavow disclose disclosed dishonor dismiss dismissed dispose disproportion disproportionate disproportionately dispute disputes disregard disregarded doubt encroach encroachment encroachments encumber encumbrance encumbrances endanger endangered enjoin erred erring error exculpatory exonerating expose fail failed failing fails failure fault faults fined force forced forego forfeit forfeiture fraud fraudulent harm ill illegal illegality impair impaired impairment impracticable inability inaccuracy inaccurate inadequacy incapable incident incompetence inconsistent incorrect indefeasible indefeasibly injunction injunctions insolvency intentional interfere interfering invalid invalidate invalidated invalidity investigation lapse lapsed late laundering lie limitation limitations liquidate liquidation liquidator litigation lose losing loss losses lost lying malpractice misconduct miss missed moratorium negligence nondisclosure nonpayment nonperformance objection obsolete omission omit omitted oppose opposed overage overdue penalties penalty plea plead pleading pleadings pled poses posing postpone preclude prejudice protest protests punitive purport quit refusal reject reparation repudiate resign resignation restate restated restatement restates restructuring revocation revoke revoked revokes sever solvency stopping strain subpoena sue sued suffer suffered suspend suspended suspension terminate terminated termination terminations threat threaten threatened unable unemployment unintended unlawful unpaid unreasonably unreimbursed unsatisfied usurious violate violates violation violations,anticipate anticipated anticipation appear appearing approximate approximately assume assumed assumes assumption believe believed conditional conditionally contingency contingent could depend dependent differ differs doubt fluctuating fluctuation fluctuations intangible may might pending possible precaution precautionary presume presumed revise revised risk risks speculative tending unknown unwritten variable variation vary,able achieve achieved adequately advances advantage advantageous assuring beneficial beneficially benefit benefited best conclusive conclusively confident desired diligent diligently effective empower empowered enable exclusive exclusively gain gains good great greater highest honor improve improvement improvements improving leading opportunity perfect perfected progress satisfaction satisfactory satisfied satisfies satisfy succeed succeeding success win,51.0,48.0,2.0,1.0,4.803999999999999,1,1,0,1,1,1,1,0,0,35.0
91,amzn,2018-06-01,break closed collapse cut disclose disclosed fined lapse lie lose lying miss,depend dependent hidden revise revised,able gain gains satisfy success win,52.0,48.0,3.0,1.0,4.769,1,1,1,1,1,1,1,0,0,55.0
92,amzn,2018-07-26,break cancel cancellation cancellations claims closure closures collapse conciliation critical cut decline difficult erred fail failure fined fraud ill impair impaired interrupt interruption interruptions lapse late layoff layoffs lie limitation limitations losing loss losses lying miss omit pled quit restructuring restructurings sever sue sued taint unfavorable unpredictable worry,anticipate anticipates approximate approximately assume assumes believe contingencies could depend dependent differ fluctuation fluctuations hidden may pending predict revise revised risk risks uncertain uncertainties uncertainty unpredictable,able alliance benefit best easily easy effective efficient efficiently empower empowering enable enabled enables enhance excellence exclusive favorable gain gains good great greater improve innovating innovation invent invention inventor opportunities popular satisfy stable win winning,50.0,47.0,3.0,0.0,4.84,0,0,1,0,0,1,0,0,0,91.0
93,amzn,2018-10-25,anomalous break breaking cancel cancellation cancellations challenging claims closure closures collapse conciliation cut decline difficult disaster divert diverting easing erred fined force fraud harm ill intermittent interrupt interruption interruptions lapse late lie limitation limitations lose loss losses lying miss omit pled question questions quit restructuring restructurings sever shut shuts slow slowing sue sued sues taint unfavorable unpredictable,anomalous anticipate anticipates approximate approximately assume assumes believe contingencies could differ fluctuation fluctuations hidden may pending possible predict prediction predictions revise revised risk risks uncertain uncertainties uncertainty unpredictable variable vary,able advances alliance benefit best better breakthrough breakthroughs easily easy effective enable enabled enables enabling enhance enjoy excellence exclusive exclusively fantastic favorable friendly gain gains good highest improve improved innovate innovating innovation innovations innovative invent invention inventor opportunities reward rewards satisfy stable transparency win winner,50.0,47.0,2.0,1.0,4.8,1,0,0,1,1,1,1,0,0,98.0
94,amzn,2019-01-31,against break cancel cancellation cancellations claims closure closures collapse conciliation cut decline defect defects difficult easing erred error errors fined force fraud ill interrupt interruption interruptions lag lapse late lie limitation limitations loss losses lying miss omit overage question questions quit restructuring restructurings sever sue sued suing taint unfavorable unpredictable worry,almost anticipate anticipates approximate approximately assume assumes believe contingencies could depend dependent differ fluctuation fluctuations hidden may nearly pending possible predict revise revised risk risks uncertain uncertainties uncertainty unknown unpredictable variant variants,able achieve advancement advancements advances alliance benefit best easier easily easy effective enable enables enjoy excellence favorable favorite gain gains good ideal improve improved improvement innovation invent invention inventor opportunities popular proactive proactively reward satisfy surpass surpassed surpassing win,51.0,48.0,2.0,1.0,4.803999999999999,1,0,0,0,1,0,1,0,0,4.0
95,amzn,2019-02-04,break collapse cut fined lapse lie lying miss,assuming hidden revise revised,able leadership satisfy win,50.0,47.0,2.0,1.0,4.8,1,1,1,1,0,1,0,0,0,21.0
96,amzn,2019-02-25,break cut fined lie lying miss,assuming revise revised,able leadership satisfy win,49.0,46.0,2.0,1.0,4.796,1,1,1,1,1,1,1,0,0,38.0
97,amzn,2019-04-04,break cease cut deter divorce fined ill incapacity lie lying miss sue sued terminate termination,approximate approximately revise revised,able satisfy win,49.0,47.0,1.0,1.0,4.837,0,1,1,1,1,1,0,0,0,7.0
98,amzn,2019-04-11,against break challenge challenges challenging closing closure convict conviction critical cut difficult easing fail failed failure failures fined force forced forcing ill impossible lack late lie lose losing loss losses lying miss oppose opposed pled punitive question questions sacrifice sacrifices serious sever strain strained sue taint urgency worst,appear believe could depend dependent differ may might nearly occasionally possible probability random revise revised risk risks,able achieving advances advantage advantages benefit benefitted best better delight despite easy effective efficiency efficient enable enabled enabling encouragement enhance enhanced excited gain gaining gains good great greater greatly happy ideal improve improved improving incredible incredibly innovative invent invented inventing inventor leadership leading opportunities opportunity optimistic profitability progress receptive reward satisfy strength strengthen strengthened strong stronger succeed success successes valuable versatile win winning,50.0,48.0,1.0,1.0,4.84,0,0,0,1,1,1,1,0,0,14.0
