,ticker,date,neg_text,uncert_text,pos_text,price_prior,price_0,price_1,price_3,price_7,p_p_n,p_0_n,Total,Buys,Holds,Sells,Rating,Target Px,delta_0_p,delta_1_p,delta_1_0,delta_3_np,delta_7_np,delta_3_n0,delta_7_n0,an_d_p,an_d_0
0,csco,2013-05-15,adverse antitrust break catastrophic caution cautioned concern conciliation cut defect defects defer deter divest divestiture divestitures doubt doubtful downturn downturns easing erred forego ill impair impairment impairments insufficient investigation investigations late lie limitation limitations litigation loss losses miss obsolete plea pleas poses problem problems question quit restructuring restructurings seize slow sue sued taint termination threat threats volatility,anticipate anticipated approximate approximately believe believed believes contingencies contingent could depend dependence differ doubt doubtful fluctuation fluctuations hidden intangible may pending predict prediction predictions risk risks uncertain uncertainties variability variation variations volatility,able achieve achieving benefit collaborate effective efficient enable enabling encouraging enhance excited gain gains good highest improve improvement improvements innovation innovations innovative invent inventor leading opportunities pleased profitability revolutionize satisfy success successful successfully win,17.60614776611328,17.55648422241211,19.77483940124512,19.824506759643555,19.476852416992188,20.321155548095703,20.2714900970459,47.0,33.0,10.0,4.0,4.255,24.23,-0.28,12.32,12.64,2.51,4.33,2.25,4.08,-16.13,-16.34
1,csco,2013-06-07,break caution cautioned claims cut damage damages dismiss ill infringe infringement lie limitation limitations litigation miss sue taint volatility,approximate approximately believe differ may predict prediction predictions revise risk risks uncertain uncertainties volatility,able effective satisfy win,20.321155548095703,20.2714900970459,20.16388320922852,19.857614517211914,20.54464340209961,19.9238338470459,19.857614517211914,48.0,35.0,9.0,4.0,4.313,25.77,-0.24,-0.77,-0.53,0.33,-3.02,0.0,-3.34,-22.69,-22.94
2,csco,2013-06-12,break closed cut disclose disclosed ill late lie lose miss terminate terminates,may,able satisfy win,19.9238338470459,19.857614517211914,20.155601501464844,20.445316314697266,20.26321220397949,20.26321220397949,19.91556167602539,48.0,35.0,9.0,4.0,4.313,25.54,-0.33,1.16,1.5,-0.89,0.0,-2.59,-1.72,-20.66,-22.02
3,csco,2013-06-24,break closed cut disclose disclosed ill lie lose miss terminate,,able satisfy win,20.26321220397949,19.91556167602539,19.87417221069336,20.38737297058105,20.49742889404297,21.43935775756836,21.305988311767575,48.0,35.0,9.0,4.0,4.313,25.63,-1.72,-1.92,-0.21,5.16,4.6,4.51,3.94,-16.35,-16.87
4,csco,2013-07-23,adverse adversely break circumvent closing concern critical cut defend defending drastic drastically ill insufficient intrusion late lie lose loses losing miss pervasive plea pleas prevention quit seize stopping sue sued taint termination threat threats,approximate approximately assume believe could differ may preliminary revise risk risks uncertain uncertainty,able achieve benefit better effective excellence excited innovation innovative leading opportunities opportunity satisfied satisfy success successful successfully win,21.43935775756836,21.305988311767575,21.330995559692386,21.255970001220703,21.58106231689453,21.939495086669922,21.98951530456543,45.0,32.0,9.0,4.0,4.267,26.08,-0.62,-0.51,0.12,3.22,1.66,3.45,1.89,-15.88,-15.68
5,csco,2013-08-14,adverse antitrust break catastrophic caution cautioned closed concern conciliation cut defect defects defer deter disclose disclosed divest divestiture divestitures doubt doubtful downturn downturns easing erred forego ill impair impairment impairments inconsistent insufficient investigation investigations late lie limitation limitations litigation lose loss losses miss obsolete pervasive plea pleas poses question quit restructuring restructurings seize sue sued taint termination threat volatility,anticipate anticipated approximate approximately believe believes contingencies contingent could depend dependence differ doubt doubtful fluctuation fluctuations intangible may pending predict predicting prediction predictions risk risks uncertain uncertainties variability variation variations volatility,able accomplish achieve benefit better collaborate collaboration effective enable gain gains good great greater improve improvement improvements innovation innovative invent inventor leadership leading opportunities profitable satisfy success successful successfully unmatched win,21.939495086669922,21.98951530456543,20.40573501586914,20.23068618774414,19.88892364501953,21.98951530456543,20.40573501586914,44.0,31.0,11.0,2.0,4.3180000000000005,27.21,0.23,-6.99,-7.2,8.69,10.56,0.87,2.6,-19.19,-25.01
6,csco,2013-08-15,break caution cautioned cut force forego ill late lie miss plea pleas sever termination,anticipate anticipated approximate approximately could differ may possible predict prediction predictions revise risk risks vary,able achieve benefit satisfy win,21.98951530456543,20.40573501586914,20.23068618774414,20.27236557006836,19.86391258239746,19.925128936767575,20.151836395263672,44.0,30.0,12.0,2.0,4.273,27.06,-7.2,-8.0,-0.86,-1.71,0.31,-0.59,1.45,-26.37,-25.53
7,csco,2013-11-13,adverse antitrust break catastrophic caution cautioned concern conciliation cut defect defects defer deter divest divestiture divestitures doubt doubtful downturn downturns erred force forego ill impair impairment impairments insufficient investigation investigations late lie limitation limitations litigation loss losses miss obsolete pervasive plea pleas poses problem problems question quit restructuring restructurings seize sue sued taint termination threat volatility,anticipate anticipated approximate approximately believe believes contingencies contingent could depend dependence differ doubt doubtful fluctuation fluctuations intangible may pending predict prediction predictions risk risks uncertain uncertainties variability variation variations volatility,able achieve benefit collaborate collaboration confident effective efficient efficiently enable enhance gain gains good great greater improve improvement improvements innovation innovations invent inventor leadership leading opportunities proactive proactively profitability satisfy strong success successful successfully superior win,19.925128936767575,20.151836395263672,17.943531036376953,17.876358032226562,18.019105911254886,17.985517501831055,17.825979232788086,45.0,28.0,14.0,3.0,4.1110000000000015,26.25,1.14,-9.95,-10.96,0.61,-0.19,-0.28,-1.07,-31.48,-32.09
8,csco,2013-11-20,absence adverse adversely against breach break broken cancel canceled cancellation cancelled cease ceases closed closing closure concern conflict contested contrary convict conviction correcting crime cut damage damages defect defend defer delay delayed deter disclose dishonest dishonesty dismiss dismissal dispute dissolution divest divestiture divestitures divorce easing erred fail fails failure felony fined force forego forfeit forfeited forfeiture fraud harm ill illegal impair impairment impractical inability inconsistency inconsistent intentional interfere interrupt interruption invalid investigation involuntarily lapse lapsed late lie limitation limitations liquidate liquidation litigating litigation lose losing loss lying misconduct miss omission plea pleas pled poses preclude prosecution question quit refusal refuse refusing resign resignation restate restated restatement revoke sever sue sued suspend suspended suspends suspension taint terminate terminated terminates terminating termination terminations unable unauthorized unfunded violation voided writeoff writeoffs,ambiguous anticipate anticipated approximate approximately assume assumed assumption conditional depend dependent depends differ fluctuation indeterminable may pending possible predict predicted tending unknown unsettled vary,able accomplish achieve achievement attain attained attains beneficial benefit best conclusive confident desirable distinction effective enable enables exclusive exclusively favorable gain gains good great greater highest honor honored invent inventor leadership opportunity satisfaction satisfactory satisfied satisfy success valuable win,17.985517501831055,17.825979232788086,18.027496337890625,17.85957145690918,17.8427734375,17.85116958618164,17.8427734375,45.0,26.0,17.0,2.0,4.067,24.0,-0.89,0.23,1.13,-0.05,0.05,-0.09,0.0,-25.62,-25.66
9,csco,2013-12-04,break closed cut disclose disclosed ill late lie lose miss terminate terminates,may,able satisfy win,17.85116958618164,17.8427734375,17.557289123535153,17.817581176757812,16.99471664428711,18.47821807861328,18.554367065429688,45.0,26.0,17.0,2.0,4.067,24.0,-0.05,-1.65,-1.6,3.71,8.73,4.14,9.18,-23.01,-22.69
10,csco,2014-02-26,adverse adversely against allege alleged bankrupt bankruptcy breach break calamity claims closed closure concern conflict contrary crisis culpability cut damage damages default defaulting defaults defect defects deficiency deter disclose disclosed dispose dispute disturb disturbance downgrading encumbrance encumbrances erred erring fail failed fails failure fault faults fined force forego forfeit forfeiture fraud fraudulent guilty harm hazard hazardous ill imperfection imperfections impracticable inadvisable incident incorrect ineligible infringe infringement injunction insolvency insufficient interfere interference investigation investigations lapse late lie limitation limitations lose losing loss losses manipulation mislead misleading misrepresent misrepresentation miss moratorium objection omission omissions omit omits omitted overtly plaintiff plea pleas poses postpone prejudice prejudiced preventing quit reparation revocation sever solvency sue sued suspend suspended suspending suspension terminate terminated termination threat threaten threatened threatening unavailable unpaid unrest violate violation weak weakness weaknesses,appear appeared assume assuming assumption assumptions believe conditional contingent could depend dependent may pending possible preliminary varied,able benefit best confident effective enable exclusive gain gains good great greater leading opportunity perfect positive satisfaction satisfactory satisfied satisfies satisfy stabilization succeed succeeding success win,18.47821807861328,18.554367065429688,18.5459041595459,18.249780654907227,18.385154724121094,18.444377899169922,18.249780654907227,44.0,24.0,16.0,4.0,3.909,24.0,0.41,0.37,-0.05,1.07,0.32,0.0,-0.74,-23.15,-23.96
11,csco,2014-03-03,absence acquiesce adverse adversely against annul annulled arrears bad bankrupt bankruptcy breach break cancel cancellation cancelled cease ceased claims closed closing closure concern conflict conflicting conflicts contrary cut damage damages decline deface defaced default defaulted defaults defect defects defend defending delay delays delist delisting destroy destroyed destruction deter disadvantage disadvantageous disclose disclosed discontinue discontinued dispose disregard disregarded disturb easing embargo encumber encumbered encumbrance erred erring erroneous error errors fail failed failure fault faulted faults fined force forced forego fraud fraudulent harm hinder ill illegal impair impaired impede impracticable inability incapable inconsistency inconsistent inquiry insolvency insolvent insufficient intentional invalid investigate investigation involuntary lack lapse lapsed late lie limitation limitations liquidation liquidator litigant lose losing loss losses lost lying misconduct miss misuse moratorium negligence negligent nonpayment omission omissions omit omitted omitting overdue plea plead pled poses postpone postponed preclude prejudice prejudicial prosecute punitive question questions quit reparation resign resignation resigning sever solvency stolen sue sued sues suffer suffered suffering suing suspension terminate terminated termination unable unauthorized unavailability undisclosed unduly unpaid unreasonable unwilling usury violation,ambiguity appear appears approximate approximately assume assumed assumes assuming assumption believe believed conditional conditionally contingency depend dependent differ indeterminate likelihood may might ordinarily pending possible presume presumed risk risks sometime sometimes variation variations,able advances advantage advantageous beneficial beneficially benefit conclusive conclusively constructive desirable effective empower empowered enable exclusive exclusively gain gains good great greater improve improvement improvements improving leading progress satisfaction satisfactory satisfied satisfy succeed succeeding success win,18.444377899169922,18.249780654907227,18.4612979888916,18.4612979888916,18.4612979888916,18.3513126373291,18.28362274169922,42.0,24.0,14.0,4.0,3.952,23.87,-1.06,0.09,1.16,-0.6,-0.6,-0.96,-0.96,-23.12,-23.4
12,csco,2014-03-11,break closed cut disclose disclosed ill lie lose miss terminate terminates,may,able satisfy win,18.3513126373291,18.28362274169922,18.4612979888916,18.063644409179688,18.469762802124023,18.901256561279297,18.884336471557614,43.0,25.0,14.0,4.0,3.977,24.11,-0.37,0.6,0.97,4.64,2.34,4.54,2.24,-21.6,-21.67
13,csco,2014-03-26,break closed cut disclose disclosed ill lie lose miss terminate,,able satisfy win,18.901256561279297,18.884336471557614,18.630512237548828,18.96894645690918,19.378528594970703,19.50652313232422,19.46385765075684,43.0,24.0,15.0,4.0,3.93,24.11,-0.09,-1.43,-1.34,2.83,0.66,2.61,0.44,-19.09,-19.27
14,csco,2014-05-14,adverse against antitrust barrier barriers break breaking catastrophic caution cautioned concern conciliation cut defect defects defer deter divest divestiture divestitures doubt doubtful downturn downturns erred fines forego ill impair impairment impairments insufficient investigation investigations late lie limitation limitations litigation loss losses miss obsolete plea pleas poses question quit restructuring restructurings seize sue sued taint termination volatility,anticipate anticipated approximate approximately believe believes contingencies contingent could depend dependence differ doubt doubtful fluctuation fluctuations intangible may nearly pending predict prediction predictions predictive risk risks uncertain uncertainties variability variation variations volatility,able achieve advantage benefit better collaborate confident effective excellence gain gains improve improved invent inventor opportunities pleased progress satisfy strength strong success successful successfully win,19.50652313232422,19.46385765075684,20.63288688659668,20.77794647216797,20.92300796508789,22.03712272644043,21.693199157714844,45.0,25.0,16.0,4.0,3.933,24.91,-0.22,5.77,6.01,6.06,5.32,4.4,3.68,-11.53,-12.91
15,csco,2014-07-31,break closed closing cut deter ill lie lose losing miss resign resignation,,able effective gain satisfy win,22.03712272644043,21.693199157714844,21.495441436767575,21.46964454650879,21.693199157714844,21.62441635131836,21.66740226745605,48.0,27.0,17.0,4.0,3.958,26.54,-1.56,-2.46,-0.91,0.72,-0.32,0.92,-0.12,-18.52,-18.36
16,csco,2014-08-13,adverse against antitrust break breaks catastrophic caution cautioned concern conciliation cut defect defects defend defer deter disrupt disruptive divest divestiture divestitures doubt doubtful downturn downturns erred fined fines forego ill impair impairment impairments insufficient investigation investigations lag late lie limitation limitations litigation loss losses miss obsolete plea pleas poses problem problems question quit restructuring restructurings seize sever sue sued taint termination threat volatility,anticipate anticipated approximate approximately believe believes contingencies contingent could depend dependence differ doubt doubtful fluctuation fluctuations intangible may nearly pending predict prediction predictions risk risks uncertain uncertainties variability variation variations volatility,able achieve beneficial benefit best collaborate collaborated collaboration effective enable enhance gain gains good innovation innovations invent inventor leadership leading opportunities pleased proactive proactively satisfy strength strengthen strengthening strong success successful successfully win,21.62441635131836,21.66740226745605,21.099925994873047,21.177303314208984,21.194499969482425,21.66740226745605,21.099925994873047,47.0,27.0,16.0,4.0,3.979,26.8,0.2,-2.43,-2.62,2.31,2.23,-0.37,-0.45,-19.15,-21.27
17,csco,2014-08-14,break caution cautioned cut force forego ill late lie miss plea pleas restructuring sever termination,anticipate anticipated approximate approximately could differ may possible predict prediction predictions revise risk risks vary,able achieve benefit satisfy win,21.66740226745605,21.099925994873047,21.005346298217773,21.185903549194336,21.23749542236328,21.65020751953125,21.63301086425781,47.0,26.0,17.0,4.0,3.936,27.0,-2.62,-3.06,-0.45,2.19,1.94,2.11,1.86,-19.81,-19.88
18,csco,2014-09-12,break cut force ill lie miss,,able effective satisfy win,21.65020751953125,21.63301086425781,21.547027587890625,21.675996780395508,21.23749542236328,21.47824478149414,21.099925994873047,46.0,26.0,16.0,4.0,3.957,26.74,-0.08,-0.48,-0.4,-0.91,1.13,-2.66,-0.65,-19.68,-21.09
19,csco,2014-09-25,break closed cut disclose disclosed ill lie lose miss terminate,,able satisfy win,21.47824478149414,21.099925994873047,21.495441436767575,21.80654525756836,21.66792869567871,21.789220809936523,21.75456428527832,47.0,26.0,17.0,4.0,3.936,26.74,-1.76,0.08,1.87,-0.08,0.56,-0.24,0.4,-18.51,-18.64
20,csco,2014-11-12,adverse antitrust break catastrophic caution cautioned concern conciliation cut defect defects defer deter divest divestiture divestitures doubt doubtful downturn downturns erred fines forego ill impair impairment impairments insufficient investigation investigations late lie limitation limitations litigation loss losses miss obsolete plea pleas poses question quit restructuring restructurings seize sue sued taint termination threat volatility,anticipate anticipated approximate approximately believe believes contingencies contingent could depend dependence differ doubt doubtful fluctuation fluctuations intangible may pending predict prediction predictions risk risks uncertain uncertainties variability variation variations volatility,able achieve benefit collaborate collaboration effective efficiency enable enabling encouraging gain gains good improving innovation innovations innovative invent inventor opportunities pleased positive progress satisfy strength strong strongest succeed success successful successfully win,21.789220809936523,21.75456428527832,22.248401641845703,22.932823181152344,23.28804016113281,22.248401641845703,22.80286979675293,46.0,28.0,14.0,4.0,4.043,27.06,-0.16,2.11,2.27,-2.98,-4.46,-0.57,-2.08,-17.78,-15.73
21,csco,2014-11-14,break cut lie miss,,able effective satisfy succeed win,22.248401641845703,22.80286979675293,22.932823181152344,23.036792755126953,23.634584426879893,23.227394104003906,23.955141067504893,46.0,27.0,15.0,4.0,4.0,27.3,2.49,3.08,0.57,0.83,-1.72,3.99,1.36,-14.92,-12.25
22,csco,2014-12-18,break closed cut disclose disclosed ill lie lose miss terminate,,able satisfy win,23.227394104003906,23.955141067504893,24.05910682678223,24.474971771240234,24.65690803527832,23.955141067504893,24.05910682678223,46.0,27.0,15.0,4.0,4.0,27.87,3.13,3.58,0.43,-2.12,-2.85,-1.7,-2.42,-14.05,-13.67
23,csco,2014-12-19,break closed cut disclose disclosed ill lie lose miss terminate,,able satisfy win,23.955141067504893,24.05910682678223,24.448974609375,24.51828384399414,24.570268630981445,24.55603790283203,24.651996612548828,46.0,27.0,15.0,4.0,4.0,27.93,0.43,2.06,1.62,0.15,-0.06,0.55,0.33,-12.08,-11.74
24,csco,2015-03-19,break closed cut disclose disclosed ill lie lose miss terminate,,able satisfy win,24.55603790283203,24.651996612548828,24.80901527404785,24.42519187927246,24.119873046875,24.78284454345703,24.42519187927246,45.0,27.0,13.0,5.0,3.978,30.29,0.39,1.03,0.64,1.46,2.75,0.0,1.27,-18.18,-19.36
25,csco,2015-03-24,break closed cut disclose disclosed ill late lie lose miss terminate,may,able satisfy win,24.78284454345703,24.42519187927246,23.95413398742676,23.666263580322266,23.84738349914551,25.60539054870605,25.640554428100586,45.0,27.0,13.0,5.0,3.978,30.29,-1.44,-3.34,-1.93,8.19,7.37,8.34,7.52,-15.47,-15.35
26,csco,2015-05-04,break cut deter ill late lie miss,assume assumed assuming,able effective leadership satisfy win,25.60539054870605,25.640554428100586,25.39443206787109,25.32411003112793,25.79877281188965,25.69329261779785,25.79877281188965,44.0,26.0,13.0,5.0,3.955,30.45,0.14,-0.82,-0.96,1.46,-0.41,1.87,0.0,-15.62,-15.27
27,csco,2015-05-13,adverse against antitrust break catastrophic caution cautioned concern conciliation cut defect defects defer deter disrupt disruption divest divestiture divestitures doubt doubtful downturn downturns erred fines forego ill impair impairment impairments incident incidents insufficient investigation investigations late lie limitation limitations litigation loss losses miss obsolete plea pleas poses question quit restructuring restructurings seize sue sued taint termination threat threats volatility,anticipate anticipated approximate approximately believe believes contingencies contingent could depend dependence depends differ doubt doubtful fluctuation fluctuations intangible may pending possible predict prediction predictions risk risks uncertain uncertainties variability variation variations volatility,able achieve benefit collaborate collaboration confident easier effective empower enable enhance enhancement enhancements exciting gain gains good great greater honor honored improve innovation invent inventor leadership leading opportunities opportunity positive profitability satisfy strength strong success successful successfully tremendous win,25.69329261779785,25.79877281188965,25.53506851196289,26.159168243408203,25.71966361999512,25.76360893249512,25.649343490600586,44.0,27.0,12.0,5.0,4.0,31.1,0.41,-0.62,-1.02,-1.51,0.17,-1.95,-0.27,-17.16,-17.53
28,csco,2015-06-01,against allege alleged bad breach breached break cancel cancelled cease ceased claims closure coerce coerced conciliation conflict controversy cut damage damages decline defer deter disclose disparage disparaging easing erred fail failure fined force forcing forego forfeit forfeited forfeiture ill improper improperly invalid investigation lapse lapsed late lie limitation lose miss negative omission overage penalties penalty plea pleas poses posing prevents quit reject rejected revocation revoke revoked sever suspect terminate terminates termination unemployment untimely violate violation wrong wrongful,believe depend dependent may unknown,able achieve achieved achievement benefit best confident effective empower empowered encouraging gain gains good great greater satisfy success win,25.76360893249512,25.649343490600586,25.56144142150879,25.1483097076416,25.1922607421875,24.823076248168945,25.1922607421875,43.0,25.0,13.0,5.0,3.93,32.09,-0.44,-0.78,-0.34,-1.29,-1.47,0.17,0.0,-22.65,-21.49
29,csco,2015-06-10,break cease ceased cut ill late lie loss losses miss quit restructure,approximation believe believes,able gain satisfy win,24.823076248168945,25.1922607421875,25.36806297302246,25.034038543701172,25.517492294311523,25.36806297302246,25.086780548095703,44.0,25.0,14.0,5.0,3.909,32.22,1.49,2.2,0.7,1.33,-0.59,0.21,-1.69,-21.27,-22.14
30,csco,2015-06-12,adverse adversely against allege alleged bankrupt bankruptcy breach break calamity claims closed closure concern conflict contrary crisis culpability cut damage damages default defaulting defaults defect defects deficiency deter disclose disclosed dispose dispute disturb disturbance downgrading encumbrance encumbrances erred erring fail failed fails failure fault faults fined force forego forfeit forfeiture fraud fraudulent guilty harm hazard hazardous ill imperfection imperfections impracticable inadvisable incident incorrect ineligible infringe infringement injunction insolvency insufficient interfere interference investigation investigations lapse late lie limitation limitations lose losing loss losses manipulation mislead misleading misrepresent misrepresentation miss moratorium objection omission omissions omit omits omitted overtly plaintiff plea pleas poses postpone prejudice prejudiced preventing quit reparation revocation sever solvency sue sued suspend suspended suspending suspension terminate terminated termination threat threaten threatened threatening unavailable unpaid unrest violate violation weak weakness weaknesses,appear appeared assume assuming assumption assumptions believe conditional contingent could depend dependent may pending possible preliminary varied,able benefit best confident effective enable exclusive gain gains good great greater leading opportunity perfect positive satisfaction satisfactory satisfied satisfies satisfy stabilization succeed succeeding success win,25.36806297302246,25.086780548095703,25.034038543701172,25.42959403991699,25.306529998779297,25.42959403991699,25.67571258544922,44.0,25.0,14.0,5.0,3.909,32.22,-1.11,-1.32,-0.21,0.0,0.49,0.97,1.46,-21.08,-20.31
31,csco,2015-06-18,adverse adversely arrears bankrupt bankruptcy break cease closed concern contrary cut default defaults defect deter disclose disclosed erred error fault faults fined force forego fraud fraudulent ill inconsistency inconsistent insolvency intentional investigation lack lapse lapsed late lie limitation limitations lose losing miss moratorium poses postpone postponed quit solvency sue sued sues terminate termination unavailability undisclosed unpaid usury,ambiguity appear appears approximate approximately assume assumed assuming depend dependent indeterminate may possible,able beneficial conclusive effective enable good great greater highest leading satisfy succeed succeeding success win,25.42959403991699,25.67571258544922,25.517492294311523,25.306529998779297,24.20777702331543,24.98780059814453,25.15609931945801,43.0,25.0,14.0,4.0,3.977,32.45,0.97,0.35,-0.62,-1.26,3.22,-0.59,3.92,-23.0,-22.48
32,csco,2015-07-29,break cut deter disclose ill lie lose miss quit,assumption,able effective satisfy win,24.98780059814453,25.15609931945801,25.067522048950195,25.12067031860352,24.93465614318848,24.81950569152832,24.71320724487305,42.0,24.0,14.0,4.0,3.952,32.29,0.67,0.32,-0.35,-1.2,-0.46,-1.62,-0.89,-23.14,-23.46
33,csco,2015-08-12,adverse antitrust break catastrophic caution cautioned closed concern conciliation cut defect defects defer deter divest divestiture divestitures doubt doubtful downturn downturns erred fines forego ill impair impairment impairments insufficient investigation investigations late lie limitation limitations litigation lose loss losses miss obsolete plea pleas poses question quit restructuring restructurings seize sue sued taint termination volatility,anticipate anticipated approximate approximately believe believes contingencies contingent could depend dependence differ doubt doubtful fluctuation fluctuations intangible may pending predict prediction predictions risk risks uncertain uncertainties variability variation variations volatility,able achieve benefit best collaborate collaboration effective enhance exciting gain gains good great greater incredibly invent inventor opportunities pleased profitable satisfy strength strong success successful successfully win,24.81950569152832,24.71320724487305,25.421836853027344,25.53698921203613,23.44654655456543,23.180816650390625,23.030231475830078,42.0,23.0,14.0,5.0,3.857,32.14,-0.43,2.43,2.87,-9.23,-1.13,-9.82,-1.78,-27.88,-28.34
34,csco,2015-08-28,break closed cut disclose disclosed ill lie lose miss terminate,may,able satisfy win,23.180816650390625,23.030231475830078,22.923938751220703,22.7202091217041,23.29596519470215,23.04794502258301,22.764501571655273,42.0,22.0,15.0,5.0,3.81,32.04,-0.65,-1.11,-0.46,1.44,-1.06,0.19,-2.28,-28.07,-28.95
35,csco,2015-09-14,break closed cut disclose disclosed ill lie lose miss terminate,,able satisfy win,23.04794502258301,22.764501571655273,23.012514114379893,22.923938751220703,22.392475128173828,23.09223747253418,22.923938751220703,41.0,21.0,15.0,5.0,3.78,31.56,-1.23,-0.15,1.09,0.73,3.12,0.0,2.37,-26.83,-27.36
36,csco,2015-09-17,break closed cut disclose disclosed ill lie lose miss terminate,,able satisfy win,23.09223747253418,22.923938751220703,22.62277603149414,22.268463134765625,22.72906875610352,22.62277603149414,22.62277603149414,41.0,21.0,15.0,5.0,3.78,31.56,-0.73,-2.03,-1.31,1.59,-0.47,1.59,-0.47,-28.32,-28.32
37,csco,2015-09-21,break closed cut disclose disclosed ill lie lose miss terminate,,able satisfy win,22.62277603149414,22.62277603149414,22.268463134765625,22.50762176513672,23.25167655944824,24.84107780456543,24.850006103515625,41.0,21.0,15.0,5.0,3.78,31.49,0.0,-1.57,-1.57,10.37,6.84,10.41,6.87,-21.11,-21.09
38,csco,2015-11-12,adverse antitrust break catastrophic caution cautioned challenging concern conciliation cut defect defects defer deter divest divestiture divestitures doubt doubtful downturn downturns easing erred fines forego ill impair impairment impairments insufficient investigation investigations late lie limitation limitations litigation lose loss losses miss obsolete poses question quit restructuring restructurings seize sue sued taint termination volatility,anticipate anticipated approximate approximately believe believes contingencies contingent could depend dependence differ doubt doubtful fluctuation fluctuations intangible may pending predict prediction predictions risk risks uncertain uncertainties uncertainty variability variation variations volatility,able achieve benefit collaborate effective gain gains good great greater improve improvement improvements innovation invent inventor opportunities opportunity profitable satisfy strength strong success successful successfully win,24.84107780456543,24.850006103515625,23.403474807739247,23.939228057861328,24.492839813232425,24.43926429748535,24.61785125732422,44.0,24.0,15.0,5.0,3.864,31.07,0.04,-5.79,-5.82,2.09,-0.22,2.83,0.51,-21.34,-20.77
39,csco,2015-11-20,break cut lie miss,depend dependent,able gain gains satisfy win,24.43926429748535,24.61785125732422,24.492839813232425,24.32318115234375,24.61785125732422,24.54641342163086,24.24282073974609,44.0,24.0,15.0,5.0,3.864,31.13,0.73,0.22,-0.51,0.92,-0.29,-0.33,-1.52,-21.15,-22.12
40,csco,2015-12-08,break closed cut disclose disclosed ill lie lose miss terminate,,able satisfy win,24.54641342163086,24.24282073974609,23.8677921295166,23.358827590942386,23.858867645263672,21.08417510986328,20.796215057373047,44.0,24.0,15.0,5.0,3.864,31.16,-1.24,-2.76,-1.55,-9.74,-11.63,-10.97,-12.84,-32.34,-33.26
41,csco,2016-01-28,break cut lie miss,,able satisfy win,21.08417510986328,20.796215057373047,21.40813446044922,20.544246673583984,20.634235382080078,23.89179611206055,23.96379089355469,41.0,24.0,14.0,3.0,4.024,30.64,-1.37,1.54,2.94,16.29,15.79,16.64,16.14,-22.02,-21.79
42,csco,2016-02-22,break cease ceased cut ill late lie loss losses miss quit,approximation believe believes,able gain satisfy win,23.89179611206055,23.96379089355469,23.50484848022461,23.93679237365723,24.206756591796875,23.50484848022461,23.6848258972168,40.0,24.0,14.0,2.0,4.1,29.03,0.3,-1.62,-1.92,-1.8,-2.9,-1.05,-2.16,-19.03,-18.41
43,csco,2016-02-24,adverse adversely against allege alleged bankrupt bankruptcy breach break calamity claims closed closure concern conflict contrary crisis culpability cut damage damages default defaulting defaults defect defects deficiency deter disclose disclosed dispose dispute disturb disturbance downgrading encumbrance encumbrances erred erring fail failed fails failure fault faults fined force forego forfeit forfeiture fraud fraudulent guilty harm hazard hazardous ill imperfection imperfections impracticable inadvisable incident incorrect ineligible infringe infringement injunction insolvency insufficient interfere interference investigation investigations lapse late lie limitation limitations lose losing loss losses manipulation mislead misleading misrepresent misrepresentation miss moratorium objection omission omissions omit omits omitted overtly plaintiff plea pleas poses postpone prejudice prejudiced preventing quit reparation revocation sever solvency sue sued suspend suspended suspending suspension terminate terminated termination threat threaten threatened threatening unavailable unpaid unrest violate violation weak weakness weaknesses,appear appeared assume assuming assumption assumptions believe conditional contingent could depend dependent may pending possible preliminary varied,able benefit best confident effective enable exclusive gain gains good great greater leading opportunity perfect positive satisfaction satisfactory satisfied satisfies satisfy stabilization succeed succeeding success win,23.50484848022461,23.6848258972168,23.93679237365723,23.558841705322266,24.11676979064941,23.6848258972168,23.93679237365723,40.0,24.0,14.0,2.0,4.1,29.06,0.77,1.84,1.06,0.53,-1.79,1.6,-0.75,-18.5,-17.63
44,csco,2016-02-25,break closed cut disclose disclosed ill lie lose miss terminate terminates,may,able satisfy win,23.6848258972168,23.93679237365723,23.76581382751465,24.143768310546875,24.4227294921875,23.76581382751465,23.558841705322266,40.0,24.0,14.0,2.0,4.1,29.06,1.06,0.34,-0.71,-1.57,-2.69,-2.42,-3.54,-18.22,-18.93
45,csco,2016-02-29,adverse adversely arrears bankrupt bankruptcy break cease closed concern contrary cut default defaults defect deter disclose disclosed erred error fault faults fined force forego fraud fraudulent ill inconsistency inconsistent insolvency intentional investigation lack lapse lapsed late lie limitation limitations lose losing miss moratorium poses postpone postponed quit solvency sue sued sues terminate termination unavailability undisclosed unpaid usury,ambiguity appear appears approximate approximately assume assumed assuming depend dependent indeterminate may possible,able beneficial conclusive effective enable good great greater highest leading satisfy succeed succeeding success win,23.76581382751465,23.558841705322266,24.143768310546875,24.17975997924805,24.84567451477051,24.20110321044922,24.26467323303223,40.0,24.0,14.0,2.0,4.1,29.0,-0.87,1.59,2.48,0.09,-2.59,0.35,-2.34,-16.55,-16.33
46,csco,2016-05-18,adverse antitrust breach breaches break catastrophic caution cautioned challenging concern conciliation cut defect defects defer deter divest divested divestiture divestitures doubt doubtful downturn downturns erred error fined fines forego ill impair impairment impairments insufficient investigation investigations late lie limitation limitations litigation loss losses miss obsolete plea pleas poses problem problems question quit restructuring restructurings seize sue sued taint termination volatility,anticipate anticipated approximate approximately believe believes contingencies contingent could depend dependence differ doubt doubtful fluctuation fluctuations intangible may pending predict prediction predictions risk risks uncertain uncertainties variability variation variations volatility,able achieve benefit best collaboration despite effective enable gain gains good great greater improve improvement improvements invent inventor leadership opportunity pleased profitable progress satisfy strong success successful successfully win,24.20110321044922,24.26467323303223,25.03656768798828,25.372568130493164,26.262514114379893,26.42597579956055,26.39872932434082,40.0,23.0,16.0,1.0,4.1,29.92,0.26,3.45,3.18,4.15,0.62,4.04,0.52,-11.68,-11.77
47,csco,2016-06-07,absence adverse adversely against breach break broken cancel canceled cancellation cancelled cease ceases closed closing closure concern conflict contested contrary convict conviction correcting crime cut damage damages default defect defend defer delay delayed deter disclose dishonest dishonesty dismiss dismissal dispute dissolution divest divestiture divestitures divorce easing erred fail fails failure fault felony fined force forego forfeit forfeited forfeiture fraud harm hostile ill illegal impair impairment impractical inability inconsistency inconsistent intentional interfere interrupt interruption invalid investigation involuntarily lapse lapsed late lie limitation limitations liquidate liquidation litigating litigation lose losing loss lying misconduct miss omission plea pleas pled poses preclude prosecution question quit refusal refuse refusing resign resignation restate restated restatement revoke sever sue sued suspend suspended suspends suspension taint terminate terminated terminates terminating termination terminations unable unauthorized unfunded violation voided writeoff writeoffs,ambiguous anticipate anticipated assume assumed assumption conditional depend dependent depends differ fluctuation indeterminable may pending possible predict predicted revise tending unknown unsettled vary,able accomplish achieve achievement attain attained attains beneficial benefit best conclusive confident desirable effective enable enables exclusive exclusively favorable gain gains good great greater highest honor honored invent inventor leadership opportunity satisfaction satisfactory satisfied satisfy success valuable win,26.42597579956055,26.39872932434082,26.462299346923828,26.36240577697754,26.21711158752441,25.20002555847168,24.80045890808105,40.0,23.0,16.0,1.0,4.1,30.99,-0.1,0.14,0.24,-4.41,-3.88,-5.92,-5.4,-18.68,-19.97
48,csco,2016-06-27,break closed cut disclose disclosed ill late lie lose miss terminate,may,able satisfy win,25.20002555847168,24.80045890808105,25.236351013183594,26.05364799499512,26.31848907470703,27.967975616455078,27.97714424133301,40.0,22.0,17.0,1.0,4.05,30.96,-1.59,0.14,1.76,7.35,6.27,7.38,6.3,-9.66,-9.63
49,csco,2016-07-29,absence against allege alleged alleges bad breach break cease ceases claiming claims closed closure concern contested contrary convict convicted criminal cut damage damages defect defend defending deliberate destroy destroyed deter disclose disclosed disregard disregarded disrupt disrupted doubt erred fail failed failing fails failure felony fined fines force forego harm ill illegal immoral improper inability incident incidents ineligible interfere lack late lie limitation limitations lose losing loss lost misappropriation mislead misleading miss misstate misstatement omission omit omits opposition plea pleas poses posing preclude preventing protest protesting question questions recall refusal resign resignation resigned restate restated revoke revoked stolen sue sued termination terminations threat threaten threatened unable unduly unsound unwilling violate violating violation wrong wrongful,appear appearing appears assume could depend dependence dependent differ doubt indefinite may pending risk variation variations,able beneficial beneficially benefit confident desired effective enhance exclusive exclusively gain gains good great greater highest integrity leading opportunities opportunity pleasure resolve satisfactory satisfied satisfies satisfy solves succeed succeeding success win,27.967975616455078,27.97714424133301,28.16041755676269,28.151254653930664,28.35285949707031,28.51780891418457,28.151254653930664,38.0,22.0,15.0,1.0,4.105,31.24,0.03,0.69,0.66,1.3,0.58,0.0,-0.71,-8.71,-9.89
50,csco,2016-08-17,adverse antitrust breach breaches break catastrophic caution cautioned challenging closed concern conciliation conciliations cut defect defects defer deter divest divested divestiture divestitures doubt doubtful downturn downturns erred error fines force forego ill impair impairment impairments insufficient investigation investigations late lie limitation limitations litigation lose loss losses miss obsolete plea pleas poses problem problems question quit restructuring restructurings seize sever slow slowing sue sued taint termination volatility,anticipate anticipated approximate approximately believe believes contingencies contingent could depend dependence differ doubt doubtful fluctuation fluctuations intangible may pending possible predict prediction predictions revise risk risks uncertain uncertainties variability variation variations vary volatility,able achieve benefit collaboration effective enable enabled enabling enhance gain gains good great greater improve improvement improvements innovation invent inventor leadership opportunity pleased profitable satisfy strength strong success successful successfully win,28.51780891418457,28.151254653930664,27.931324005126953,28.06877899169922,28.72857666015625,28.811050415039066,28.46282196044922,37.0,21.0,15.0,1.0,4.081,32.15,-1.29,-2.06,-0.78,2.64,0.29,1.4,-0.93,-10.39,-11.47
51,csco,2016-09-13,break cease ceased cut ill late lie loss losses miss quit,approximation believe believes,able gain satisfy win,28.811050415039066,28.46282196044922,28.4078426361084,28.261219024658203,29.01265525817871,28.4078426361084,28.69192123413086,37.0,21.0,15.0,1.0,4.081,33.15,-1.21,-1.4,-0.19,0.52,-2.08,1.52,-1.11,-14.31,-13.45
52,csco,2016-09-15,adverse adversely against allege alleged bankrupt bankruptcy breach break calamity claims closed closure concern conflict contrary crisis culpability cut damage damages default defaulting defaults defect defects deficiency deter disclose disclosed dispose dispute disturb disturbance downgrading encumbrance encumbrances erred erring fail failed fails failure fault faults fined force forego forfeit forfeiture fraud fraudulent guilty harm hazard hazardous ill imperfection imperfections impracticable inadvisable incident incorrect ineligible infringe infringement injunction insolvency insufficient interfere interference investigation investigations lapse late lie limitation limitations lose losing loss losses manipulation mislead misleading misrepresent misrepresentation miss moratorium objection omission omissions omit omits omitted overtly plaintiff plea pleas poses postpone prejudice prejudiced preventing quit reparation revocation sever solvency sue sued suspend suspended suspending suspension terminate terminated termination threat threaten threatened threatening unavailable unpaid unrest violate violation weak weakness weaknesses,appear appeared assume assuming assumption assumptions believe conditional contingent could depend dependent may pending possible preliminary varied,able benefit best confident effective enable exclusive gain gains good great greater leading opportunity perfect positive satisfaction satisfactory satisfied satisfies satisfy stabilization succeed succeeding success win,28.4078426361084,28.69192123413086,28.261219024658203,28.49947929382324,28.471986770629893,28.69192123413086,28.261219024658203,37.0,21.0,15.0,1.0,4.081,33.22,1.0,-0.52,-1.5,0.68,0.77,-0.84,-0.74,-13.63,-14.93
53,csco,2016-09-16,break closed cut disclose disclosed ill late lie lose miss terminate,may,able satisfy win,28.69192123413086,28.261219024658203,28.42616844177246,28.73773765563965,28.84770584106445,28.42616844177246,28.49947929382324,37.0,21.0,15.0,1.0,4.081,33.27,-1.5,-0.93,0.58,-1.08,-1.46,-0.83,-1.21,-14.56,-14.34
54,csco,2016-09-20,adverse adversely arrears bankrupt bankruptcy break cease closed concern contrary cut default defaults defect deter disclose disclosed erred error fault faults fined force forego fraud fraudulent ill inconsistency inconsistent insolvency intentional investigation lack late lie limitation limitations lose losing miss moratorium poses postpone postponed quit solvency sue sued sues terminate termination unavailability undisclosed unpaid usury,ambiguity appear appears approximate approximately assume assumed assuming depend dependent indeterminate may possible,able beneficial conclusive effective enable good great greater highest leading satisfy succeed succeeding success win,28.42616844177246,28.49947929382324,28.73773765563965,28.719411849975586,28.76523017883301,28.49947929382324,28.73773765563965,37.0,21.0,15.0,1.0,4.081,33.27,0.26,1.1,0.84,-0.77,-0.92,0.06,-0.1,-14.34,-13.62
55,csco,2016-09-21,break closed cut disclose disclosed ill lie lose miss terminate,,able satisfy win,28.49947929382324,28.73773765563965,29.01265525817871,28.471986770629893,29.0676383972168,27.884973526000977,27.921932220458984,37.0,21.0,15.0,1.0,4.081,33.27,0.84,1.8,0.96,-2.06,-4.07,-1.93,-3.94,-16.19,-16.07
56,csco,2016-10-17,against break cut defer deter fines forego harm ill lie limitation limitations miss quit threat threaten threatened,may pending,able gain gains satisfy win,27.884973526000977,27.921932220458984,28.125202178955078,27.866493225097656,28.226837158203125,28.07900238037109,28.01432609558105,37.0,21.0,15.0,1.0,4.081,33.19,0.13,0.86,0.73,0.76,-0.52,0.53,-0.75,-15.4,-15.59
57,csco,2016-11-03,against allege alleged bad breach break cancel cancelled cease ceased claims closure coerce coerced complain complaint conciliation conflict controversy criminal criminally cut damage damages decline deter disclose disparage disparaging easing erred fail failure fined force forcing forego forfeit forfeited forfeiture ill improper improperly invalid investigating investigation involuntarily lapse lapsed late lie limitation lose miss negative omission overage penalties penalty plea pleas poses posing prevents quit reject rejected resign restructuring retaliation revocation revoke revoked sever sue sues suspect suspected terminate terminated terminates termination unemployment untimely violate violation wrong wrongful,assuming believe depend dependent may might possibly unknown,able benefit best confident effective empower empowered encouraging exclusive gain gained gains good reward rewards satisfy success win,28.07900238037109,28.01432609558105,27.89421272277832,28.64261817932129,28.98448371887207,29.289384841918945,29.16927146911621,37.0,21.0,15.0,1.0,4.081,33.26,-0.23,-0.66,-0.43,2.26,1.05,1.84,0.64,-11.94,-12.3
58,csco,2016-11-16,adverse antitrust breach breaches break catastrophic caution cautioned challenging concern conciliation conciliations cut decline defect defects defer deter divest divested divestiture divestitures doubt doubtful downturn downturns erred error fines forego ill impair impairment impairments insufficient investigation investigations late lie limitation limitations litigation loss losses miss obsolete poses problem problems question quit restructuring restructurings seize sever sue sued taint termination volatility,anticipate anticipated approximate approximately believe believes contingencies contingent could depend dependence differ doubt doubtful fluctuation fluctuations intangible may pending possible predict prediction predictions risk risks uncertain uncertainties variability variation variations volatility,able achieve benefit despite effective enhance gain gains good improve improvement improvements innovation invent inventor leadership leading opportunity profitable satisfy strong success successful successfully win,29.289384841918945,29.16927146911621,27.76485824584961,27.76485824584961,27.80181884765625,27.875732421875,28.26379585266113,37.0,21.0,15.0,1.0,4.081,33.19,-0.41,-5.21,-4.81,0.4,0.27,1.8,1.66,-16.01,-14.84
59,csco,2016-12-13,break closing cut disclosing lie losing miss,depend dependent reassess,able gain gains satisfy win,27.875732421875,28.26379585266113,28.14368057250977,28.26379585266113,28.14368057250977,31.926515579223643,31.77741241455078,37.0,21.0,15.0,1.0,4.081,33.08,1.39,0.96,-0.42,12.96,13.44,12.43,12.91,-3.49,-3.94
60,csco,2017-03-13,against break cut defer deter fines forego harm ill lie limitation limitations miss quit threat threaten threatened,may pending,able gain gains satisfy win,31.926515579223643,31.77741241455078,31.79604530334473,31.898555755615234,31.77741241455078,31.702863693237305,31.441932678222656,37.0,21.0,15.0,1.0,4.081,35.54,-0.47,-0.41,0.06,-0.61,-0.23,-1.43,-1.06,-10.8,-11.53
61,csco,2017-03-29,break closed cut disclose disclosed ill lie lose miss terminate,,able satisfy win,31.702863693237305,31.441932678222656,31.441932678222656,31.29283332824707,30.98263168334961,31.441932678222656,31.49784851074219,37.0,21.0,15.0,1.0,4.081,35.55,-0.82,-0.82,0.0,0.48,1.48,0.66,1.66,-11.56,-11.4
62,csco,2017-03-31,absence adverse adversely against allege alleged arrears bankrupt bankruptcy breach breached break bridge cancel cancellation caution cautionary cease claiming claims closed closing closure concern conciliation conflict contested contrary corrupt corruption counterclaim cut damage damages decline declined default defer delay delayed delinquent deter detract disadvantage disadvantageous disapprove disavow disclose disclosed discontinue discontinued dishonor dismiss dismissed disproportion disproportionate disproportionately dispute disregard disregarded dissolution doubt easing encumber encumbrance encumbrances erred erring error exculpatory expose fail failed failing fails failure fault faults fined fines force forced forego forfeit forfeiture fraud fraudulent harm hazard hazardous ill illegal illegality impair impaired impairment inability inaccurate incapable incident incomplete incorrect indefeasibly injunction injunctions insolvency intentional interfere invalid invalidate invalidated invalidity investigation involuntary lapse lapsed late laundering lie limitation limitations liquidate liquidation liquidator litigation lose losing loss losses lying malpractice misconduct mislead misleading miss missed moratorium negative negligence objection obsolete omission omit omitted onerous oppose opposed overage overdue penalties penalty plea plead pleading pleadings pled poses posing postpone preclude prejudice protest punitive purport purported purportedly purporting quit reject reparation repudiate resign resignation restate restated restructuring revoke revokes sever solvency subpoena sue sued suffer suffered suing suspend suspended suspension terminate terminated termination terminations threat threaten threatened unable unemployment unintended unlawful unpaid unreasonably unreimbursed unsatisfied usurious violate violation,anticipate anticipated appear appearing approximate approximately assume assumed assumes assumption assumptions believe believed conditional contingent could depend dependent depending differ doubt exposure fluctuating intangible may pending possible precaution precautionary presume presumed risk risks speculative tending unknown variable variance variation varied vary,able achieve achieved adequately advances advantage advantageous assuring beneficial benefit best conclusive conclusively confident desirable desired diligent diligently effective empower empowered enable enhance enhanced exclusive exclusively favorable gain gains good great greater highest honor leading opportunity perfect perfected satisfaction satisfactory satisfied satisfy succeed succeeding success win,31.441932678222656,31.49784851074219,31.29283332824707,31.02022933959961,30.94502830505371,32.24224090576172,31.79103279113769,37.0,21.0,15.0,1.0,4.081,35.55,0.18,-0.47,-0.65,3.94,4.19,2.48,2.73,-9.3,-10.57
63,csco,2017-05-17,adverse antitrust breach breaches break catastrophic caution cautioned concern conciliation conciliations critical cut decline defect defects defer deter divest divested divestiture divestitures doubt doubtful downturn downturns erred error fined forego ill impair impairment impairments insufficient investigation investigations late lie limitation limitations litigation lose loss losses lying miss obsolete plea pleas poses problem problems question quit restructuring restructurings seize sue sued taint termination volatility,anticipate anticipated approximate approximately believe believes contingencies contingent could depend dependence differ doubt doubtful fluctuation fluctuations intangible may pending possible predict prediction predictions revise revised risk risks uncertain uncertainties variability variation variations volatility,able achieve benefit effective enable gain gains good improve improvement improvements invent inventor leadership opportunity pleased profitability progress satisfy success successful successfully unparalleled win,32.24224090576172,31.79103279113769,29.49742126464844,29.69482231140137,29.61022186279297,29.704219818115234,29.6854190826416,37.0,21.0,16.0,0.0,4.135,36.31,-1.4,-8.51,-7.21,0.03,0.32,-0.03,0.25,-18.19,-18.24
64,csco,2017-06-15,break closed cut disclose disclosed fined ill lie lose lying miss terminate,revise revised,able satisfy win,29.704219818115234,29.6854190826416,29.73241806030273,29.939224243164066,30.30582618713379,30.44664764404297,30.6838436126709,37.0,21.0,16.0,0.0,4.135,35.64,-0.06,0.09,0.16,1.69,0.46,2.49,1.25,-14.57,-13.91
65,csco,2017-08-16,adverse antitrust breach breaches break catastrophic caution cautioned closed concern conciliation conciliations critical cut decline defect defects defer deter divest divested divestiture divestitures doubt doubtful downturn downturns erred error fined forego ill impair impairment impairments insufficient investigation investigations late lie limitation limitations litigation lose loss losses lying miss obsolete poses problem problems question quit restructuring restructurings seize sue sued taint termination volatility,anticipate anticipated approximate approximately believe believes contingencies contingent could depend dependence differ doubt doubtful fluctuation fluctuations intangible may pending possible predict prediction predictions revise revised risk risks uncertain uncertainties variability variation variations volatility,able achieve benefit effective gain gains good improve improvement improvements innovation innovative invent inventor leadership opportunity profitability progress satisfy strong success successful successfully tremendous win,30.44664764404297,30.6838436126709,29.450422286987305,29.10885429382324,29.829936981201172,30.778718948364247,30.85462760925293,32.0,20.0,12.0,0.0,4.25,35.9,0.78,-3.27,-4.02,5.74,3.18,6.0,3.44,-14.27,-14.05
66,csco,2017-09-18,break challenge cut disrupt disrupted fear fined ill lie lying miss,could revise revised,able effective honor leadership satisfy success successful transparency tremendous win,30.778718948364247,30.85462760925293,30.8261661529541,31.02540779113769,31.76546669006348,32.77683639526367,32.87253952026367,30.0,18.0,12.0,0.0,4.2,35.82,0.25,0.15,-0.09,5.65,3.18,5.95,3.49,-8.5,-8.23
67,csco,2017-10-23,adverse adversely break closing concern cut fined force ill late lie lose losing lying miss seize sue sued taint termination,approximate approximately assuming believe could differ may preliminary revise revised risk risks uncertain uncertainty,able achieve benefit best breakthrough collaborate collaboration empower empowers enhance enhances excited innovation innovator leading opportunities opportunity satisfied satisfy success successful successfully win,32.77683639526367,32.87253952026367,33.092647552490234,32.795970916748054,33.13092041015625,32.575870513916016,32.642860412597656,28.0,18.0,10.0,0.0,4.2860000000000005,35.85,0.29,0.96,0.67,-0.67,-1.68,-0.47,-1.47,-9.13,-8.95
68,csco,2017-11-15,adverse adversely antitrust breach breaches break catastrophic caution cautioned closed concern conciliation conciliations critical cut default defect defects defer deter divest divestiture divestitures doubt doubtful downturn downturns erred error fault fined forego ill impair impairment impairments insufficient investigation investigations late lie limitation limitations litigation lose loss losses lying miss obsolete poses problem problems question quit restructuring restructurings seize sue sued taint termination volatility,anticipate anticipated approximate approximately believe believes contingencies contingent could depend dependence differ doubt doubtful fluctuation fluctuations intangible may pending possible predict prediction predictions revise revised risk risks uncertain uncertainties variability variation variations volatility,able achieve benefit better effective enable enables enhance gain gains good improve improvement improvements innovation invent inventor leadership opportunity positive profitability profitable progress satisfy strong success successful successfully win,32.575870513916016,32.642860412597656,34.33673095703125,34.93006134033203,34.920494079589844,36.3272590637207,36.27941131591797,30.0,19.0,11.0,0.0,4.267,36.95,0.21,5.41,5.19,4.0,4.03,3.86,3.89,-1.69,-1.81
69,csco,2017-12-12,absence adverse adversely against breach break broken cancel canceled cancellation cancelled cease ceased ceases claims closed closing closure concern conflict conflicts contested contrary convict conviction correcting crime cut damage damages deceased default defect defend defer delay delayed deter disclose dishonest dishonesty dismiss dismissal dispute dissolution divest divestiture divestitures divorce doubt easing erred fail fails failure fault felony fined force forego forfeit forfeited forfeiture fraud harm ill illegal impair impairment impractical inability inconsistency inconsistent intentional interfere interrupt interruption invalid investigation involuntarily lapse lapsed late lie limitation limitations liquidate liquidation litigating litigation lose losing loss lying misconduct miss omission plea pleas pled poses preclude prosecution question quit refusal refuse refusing resign resignation restate restated restatement revocation revoke revoked sever strain sue sued suspend suspended suspends suspension taint terminate terminated terminates terminating termination terminations unable unauthorized unfunded violation voided writeoff writeoffs,ambiguous anticipate anticipated assume assumed assumption depend dependent depends differ doubt fluctuation indeterminable may pending possible predict predicted revise revised tending unknown unsettled vary,able accomplish achieve achievement attain attained attains beneficial benefit conclusive confident desirable effective enable enables exclusive exclusively gain gains good great greater honor honored invent inventor leadership opportunity reward satisfaction satisfactory satisfied satisfy success valuable win,36.3272590637207,36.27941131591797,36.509090423583984,36.54736709594727,36.87274932861328,41.236724853515625,42.12112808227539,30.0,19.0,11.0,0.0,4.267,39.17,-0.13,0.5,0.63,12.83,11.84,15.25,14.23,5.28,7.53
70,csco,2018-04-12,against break cut defer fined fines forego harm ill lie limitation limitations lying miss quit threat threaten threatened,may pending revise revised,able gain gains satisfy win,41.236724853515625,42.12112808227539,41.79069519042969,43.335975646972656,43.00553512573242,43.04441452026367,43.56922912597656,30.0,20.0,9.0,1.0,4.267,48.3,2.14,1.34,-0.78,-0.67,0.09,0.54,1.31,-10.88,-9.79
71,csco,2018-05-01,break cut fined lie lying miss resign,revise revised,able effective satisfy win,43.04441452026367,43.56922912597656,42.626502990722656,44.0260124206543,44.99788284301758,44.20094680786133,43.88994598388672,31.0,21.0,9.0,1.0,4.29,48.48,1.22,-0.97,-2.16,0.4,-1.77,-0.31,-2.46,-8.83,-9.47
72,csco,2018-05-16,adverse against antitrust breach breaches break catastrophic caution cautioned closed closing concern conciliation conciliations critical cut defect defects defer deter divest divestiture divestitures doubt doubtful downturn downturns erred error fined forego ill impair impairment impairments insufficient investigation investigations late lie limitation limitations litigation lose losing loss losses lying miss obsolete poses problem problems question quit restructuring restructurings seize sever sue sued taint termination volatility,anticipate anticipated approximate approximately believe believes contingencies contingent could depend dependence differ doubt doubtful fluctuation fluctuations intangible may pending possible predict prediction predictions revise revised risk risks uncertain uncertainties variability variation variations volatility,able achieve benefit confident effective enable gain gains good great improve improved innovation invent inventor leadership opportunity profitable progress satisfy strength strong stronger success successful successfully win,44.20094680786133,43.88994598388672,42.23775863647461,42.51959609985352,42.04337692260742,43.01525497436523,42.42241668701172,34.0,22.0,11.0,1.0,4.235,48.93,-0.7,-4.44,-3.76,1.17,2.31,-0.23,0.9,-12.09,-13.3
73,csco,2018-06-07,break closed cut disclose disclosed fined ill lie lose lying miss terminate,revise revised,able satisfy win,43.01525497436523,42.42241668701172,42.2571907043457,42.70425796508789,42.96665954589844,41.94990921020508,42.41024398803711,34.0,22.0,11.0,1.0,4.235,49.07,-1.38,-1.76,-0.39,-1.77,-2.37,-0.69,-1.29,-14.51,-13.57
74,csco,2018-08-06,against break caution cautioned claims cut fined ill infringe infringement lie litigation lying misappropriation miss taint termination,differ may predict prediction predictions revise revised risk risks uncertain uncertainties,able gain gains resolve satisfy solving win,41.94990921020508,42.41024398803711,42.68449783325195,42.8803825378418,42.958740234375,43.095863342285156,42.958740234375,32.0,20.0,11.0,1.0,4.188,48.32,1.1,1.75,0.65,0.5,0.32,0.18,0.0,-10.81,-11.1
75,csco,2018-08-15,adverse antitrust breach breaches break catastrophic caution cautioned closed closing concern conciliation conciliations cut defect defects defer deter divest divestiture divestitures doubt doubtful downturn downturns erred error fined forego ill impair impairment impairments insufficient investigation investigations late lie limitation limitations litigation lose losing loss losses lying miss obsolete poses problem problems question quit restructuring restructurings seize sever sue sued taint termination volatility,anticipate anticipated approximate approximately believe believes contingencies contingent could depend dependence differ doubt doubtful fluctuation fluctuations intangible may pending possible predict prediction predictions recalculate revise revised risk risks uncertain uncertainties variability variation variations volatility,able achieve benefit effective enable excellent gain gains good great highest innovation innovations invent inventor leadership opportunity profitable progress satisfy strength strong success successful successfully win,43.095863342285156,42.958740234375,44.23202896118164,45.27024459838867,45.36819458007813,46.06360244750977,45.92647171020508,32.0,20.0,11.0,1.0,4.188,48.8,-0.32,2.64,2.96,1.75,1.53,1.45,1.23,-5.61,-5.89
76,csco,2018-09-12,against allege alleged bad breach break cancel cancelled cease ceased claims closure coerce coerced complain complaint conciliation conflict controversy criminal criminally cut damage damages decline deter disclose disparage disparaging doubt easing erred fail failure fined force forcing forego ill improper improperly ineligible invalid investigating investigation lapse lapsed late lie limitation lose lying miss negative omission overage penalties penalty plea pleas poses posing prevents quit reject rejected resign retaliation revocation revoke revoked sever sue sues suspect suspected terminate termination unemployment unpaid untimely violate violation wrong wrongful,believe depend dependent doubt may might possibly revise revised unknown unsettled,able benefit best confident effective empower empowered encouraging gain gains good reward rewards satisfy success win,46.06360244750977,45.92647171020508,46.269287109375,46.14196014404297,47.56216049194336,45.30021286010742,44.82689666748047,32.0,20.0,11.0,1.0,4.188,50.15,-0.3,0.45,0.75,-1.82,-4.76,-2.85,-5.75,-9.67,-10.61
77,csco,2018-10-18,break cut fined ill lie lying miss,revise revised,able effective satisfy win,45.30021286010742,44.82689666748047,44.70856857299805,44.787452697753906,43.22946166992188,44.49163436889648,43.71263885498047,33.0,20.0,11.0,2.0,4.091,50.38,-1.04,-1.31,-0.26,-0.66,2.92,-2.4,1.12,-11.69,-13.23
78,csco,2018-11-14,adverse antitrust breach breaches break catastrophic caution cautioned closed concern conciliation conciliations cut defect defects defer deter divest divestiture divestitures doubt doubtful downturn downturns erred error fined forego ill impair impairment impairments insufficient investigation investigations late lie limitation limitations litigation lose loss losses lying miss obsolete poses problem problems question quit restructuring restructurings seize sue sued taint termination volatility,anticipate anticipated approximate approximately believe believes contingencies contingent could depend dependence differ doubt doubtful fluctuation fluctuations intangible may pending possible predict prediction predictions recalculate revise revised risk risks uncertain uncertainties variability variation variations volatility,able achieve benefit effective enable gain gains good great greater innovate innovation invent inventor leadership opportunities opportunity progress satisfy strong success successful successfully win,44.49163436889648,43.71263885498047,46.11865234375,45.11286163330078,43.91971206665039,46.75959777832031,46.80890655517578,33.0,20.0,11.0,2.0,4.091,50.22,-1.75,3.66,5.5,3.65,6.47,3.76,6.58,-6.89,-6.79
79,csco,2018-12-13,absence adverse adversely alleging breach break broken cancel cease ceased ceases claims closing complain complaint conflict conflicts contrary controversies cut damage damages deceased default delay delays deter discontinue dispose dispute disqualify disqualifying doubt erred fault fined force forego ill impair impairment incident inconsistent late lie limitation limitations liquidate liquidated liquidation losing lying misrepresent misrepresentation miss mistake mistakes poses prevents quit restate restatement sever severe severed sue sued suspend terminate terminated terminates termination unable,could depend dependent doubt fluctuation fluctuations may revise revised,able desirable effective gain gains opportunity resolve satisfy success win,46.75959777832031,46.80890655517578,45.181884765625,43.44639587402344,39.71903610229492,51.34491348266602,50.9673080444336,33.0,22.0,9.0,2.0,4.212,51.21,0.11,-3.37,-3.48,18.18,29.27,17.31,28.32,0.26,-0.47
80,csco,2019-03-07,break closed cut disclose disclosed fined ill lie lose lying miss terminate,revise revised,able satisfy win,51.34491348266602,50.9673080444336,50.74868774414063,51.82189559936523,53.17333602905274,,,34.0,21.0,11.0,2.0,4.118,53.66,-0.74,-1.16,-0.43,,,,,,
